Corrected Camera Timestamps
==================================================
1710256034.010580
1710256034.051748
1710256034.108850
1710256034.108850
1710256034.207556
1710256034.207556
1710256034.310307
1710256034.310307
1710256034.410393
1710256034.410393
1710256034.510776
1710256034.510776
1710256034.610139
1710256034.610139
1710256034.708219
1710256034.708219
1710256034.807648
1710256034.807648
1710256034.907244
1710256034.907244
1710256035.009390
1710256035.009390
1710256035.107642
1710256035.107642
1710256035.210587
1710256035.210587
1710256035.307780
1710256035.307780
1710256035.410971
1710256035.410971
1710256035.507775
1710256035.507775
1710256035.608176
1710256035.608176
1710256035.707422
1710256035.707422
1710256035.807926
1710256035.807926
1710256035.907006
1710256035.907006
1710256036.005789
1710256036.005789
1710256036.104305
1710256036.104305
1710256036.206471
1710256036.206471
1710256036.304429
1710256036.304429
1710256036.405328
1710256036.405328
1710256036.502981
1710256036.502981
1710256036.601219
1710256036.601219
1710256036.700586
1710256036.700586
1710256036.801046
1710256036.801046
1710256036.898013
1710256036.898013
1710256037.002495
1710256037.002495
1710256037.097202
1710256037.097202
1710256037.195096
1710256037.195096
1710256037.296271
1710256037.296271
1710256037.396765
1710256037.396765
1710256037.496321
1710256037.496321
1710256037.598349
1710256037.598349
1710256037.695792
1710256037.695792
1710256037.796206
1710256037.796206
1710256037.893612
1710256037.893612
1710256037.995074
1710256037.995074
1710256038.098891
1710256038.098891
1710256038.193534
1710256038.193534
1710256038.293654
1710256038.293654
1710256038.392587
1710256038.392587
1710256038.491378
1710256038.491378
1710256038.589482
1710256038.589482
1710256038.692693
1710256038.692693
1710256038.792720
1710256038.792720
1710256038.890394
1710256038.890394
1710256038.991100
1710256038.991100
1710256039.096509
1710256039.096509
1710256039.189451
1710256039.189451
1710256039.289342
1710256039.289342
1710256039.390086
1710256039.390086
1710256039.492530
1710256039.492530
1710256039.589859
1710256039.589859
1710256039.689863
1710256039.689863
1710256039.789552
1710256039.789552
1710256039.888673
1710256039.888673
1710256039.995418
1710256039.995418
1710256040.088445
1710256040.088445
1710256040.189033
1710256040.189033
1710256040.293333
1710256040.293333
1710256040.388286
1710256040.388286
1710256040.487728
1710256040.487728
1710256040.587565
1710256040.587565
1710256040.688704
1710256040.688704
1710256040.786785
1710256040.786785
1710256040.887504
1710256040.887504
1710256040.986772
1710256040.986772
1710256041.085998
1710256041.085998
1710256041.184833
1710256041.184833
1710256041.285728
1710256041.285728
1710256041.385954
1710256041.385954
1710256041.483945
1710256041.483945
1710256041.584052
1710256041.584052
1710256041.686252
1710256041.686252
1710256041.784827
1710256041.784827
1710256041.885278
1710256041.885278
1710256041.985026
1710256041.985026
1710256042.084084
1710256042.084084
1710256042.185166
1710256042.185166
1710256042.282568
1710256042.282568
1710256042.389580
1710256042.389580
1710256042.483017
1710256042.483017
1710256042.585495
1710256042.585495
1710256042.684349
1710256042.684349
1710256042.784544
1710256042.784544
1710256042.881897
1710256042.881897
1710256042.981390
1710256042.981390
1710256043.083068
1710256043.083068
1710256043.183970
1710256043.183970
1710256043.282628
1710256043.282628
1710256043.381382
1710256043.381382
1710256043.481189
1710256043.481189
1710256043.581322
1710256043.581322
1710256043.680210
1710256043.680210
1710256043.780548
1710256043.780548
1710256043.880666
1710256043.880666
1710256043.979992
1710256043.979992
1710256044.080279
1710256044.080279
1710256044.179596
1710256044.179596
1710256044.279084
1710256044.279084
1710256044.377682
1710256044.377682
1710256044.487236
1710256044.487236
1710256044.578889
1710256044.578889
1710256044.678735
1710256044.678735
1710256044.778947
1710256044.778947
1710256044.877542
1710256044.877542
1710256044.976943
1710256044.976943
1710256045.077398
1710256045.077398
1710256045.178996
1710256045.178996
1710256045.276767
1710256045.276767
1710256045.383378
1710256045.383378
1710256045.476768
1710256045.476768
1710256045.577360
1710256045.577360
1710256045.678739
1710256045.678739
1710256045.778809
1710256045.778809
1710256045.874124
1710256045.874124
1710256045.975228
1710256045.975228
1710256046.072474
1710256046.072474
1710256046.172445
1710256046.172445
1710256046.273561
1710256046.273561
1710256046.375042
1710256046.375042
1710256046.474450
1710256046.474450
1710256046.570604
1710256046.570604
1710256046.672837
1710256046.672837
1710256046.772207
1710256046.772207
1710256046.873872
1710256046.873872
1710256046.969664
1710256046.969664
1710256047.069247
1710256047.069247
1710256047.172402
1710256047.172402
1710256047.269826
1710256047.269826
1710256047.368241
1710256047.368241
1710256047.467069
1710256047.467069
1710256047.568882
1710256047.568882
1710256047.667922
1710256047.667922
1710256047.784062
1710256047.784062
1710256047.867663
1710256047.867663
1710256047.966508
1710256047.966508
1710256048.067826
1710256048.067826
1710256048.168381
1710256048.168381
1710256048.265208
1710256048.265208
1710256048.365479
1710256048.365479
1710256048.468079
1710256048.468079
1710256048.565502
1710256048.565502
1710256048.664975
1710256048.664975
1710256048.768644
1710256048.768644
1710256048.864385
1710256048.864385
1710256048.966858
1710256048.966858
1710256049.069062
1710256049.069062
1710256049.164151
1710256049.164151
1710256049.264817
1710256049.264817
1710256049.367214
1710256049.367214
1710256049.465238
1710256049.465238
1710256049.563047
1710256049.563047
1710256049.663899
1710256049.663899
1710256049.763908
1710256049.763908
1710256049.862800
1710256049.862800
1710256049.963401
1710256049.963401
1710256050.064538
1710256050.064538
1710256050.161125
1710256050.161125
1710256050.261915
1710256050.261915
1710256050.362934
1710256050.362934
1710256050.462030
1710256050.462030
1710256050.563396
1710256050.563396
1710256050.661056
1710256050.661056
1710256050.760656
1710256050.760656
1710256050.861939
1710256050.861939
1710256050.962782
1710256050.962782
1710256051.061251
1710256051.061251
1710256051.162072
1710256051.162072
1710256051.260978
1710256051.260978
1710256051.360193
1710256051.360193
1710256051.461453
1710256051.461453
1710256051.558635
1710256051.558635
1710256051.660704
1710256051.660704
1710256051.758254
1710256051.758254
1710256051.857973
1710256051.857973
1710256051.961547
1710256051.961547
1710256052.058705
1710256052.058705
1710256052.157806
1710256052.157806
1710256052.256567
1710256052.256567
1710256052.357664
1710256052.357664
1710256052.457232
1710256052.457232
1710256052.555545
1710256052.555545
1710256052.660688
1710256052.660688
1710256052.755766
1710256052.755766
1710256052.855949
1710256052.855949
1710256052.955880
1710256052.955880
1710256053.056806
1710256053.056806
1710256053.157259
1710256053.157259
1710256053.254808
1710256053.254808
1710256053.355229
1710256053.355229
1710256053.454514
1710256053.454514
1710256053.555569
1710256053.555569
1710256053.656128
1710256053.656128
1710256053.753617
1710256053.753617
1710256053.853808
1710256053.853808
1710256053.955499
1710256053.955499
1710256054.054490
1710256054.054490
1710256054.152555
1710256054.152555
1710256054.253134
1710256054.253134
1710256054.355651
1710256054.355651
1710256054.452732
1710256054.452732
1710256054.552241
1710256054.552241
1710256054.651518
1710256054.651518
1710256054.752540
1710256054.752540
1710256054.852295
1710256054.852295
1710256054.951689
1710256054.951689
1710256055.052032
1710256055.052032
1710256055.151182
1710256055.151182
1710256055.251711
1710256055.251711
1710256055.350837
1710256055.350837
1710256055.451710
1710256055.451710
1710256055.550683
1710256055.550683
1710256055.651481
1710256055.651481
1710256055.750746
1710256055.750746
1710256055.850907
1710256055.850907
1710256055.949958
1710256055.949958
1710256056.051592
1710256056.051592
1710256056.148765
1710256056.148765
1710256056.250062
1710256056.250062
1710256056.352091
1710256056.352091
1710256056.449828
1710256056.449828
1710256056.550551
1710256056.550551
1710256056.651060
1710256056.651060
1710256056.747902
1710256056.747902
1710256056.850670
1710256056.850670
1710256056.950759
1710256056.950759
1710256057.047997
1710256057.047997
1710256057.149211
1710256057.149211
1710256057.248335
1710256057.248335
1710256057.352352
1710256057.352352
1710256057.449554
1710256057.449554
1710256057.553480
1710256057.553480
1710256057.652948
1710256057.652948
1710256057.747698
1710256057.747698
1710256057.848172
1710256057.848172
1710256057.949422
1710256057.949422
1710256058.047556
1710256058.047556
1710256058.148518
1710256058.148518
1710256058.245846
1710256058.245846
1710256058.347665
1710256058.347665
1710256058.446900
1710256058.446900
1710256058.546553
1710256058.546553
1710256058.646059
1710256058.646059
1710256058.747778
1710256058.747778
1710256058.844481
1710256058.844481
1710256058.945018
1710256058.945018
1710256059.048748
1710256059.048748
1710256059.144311
1710256059.144311
1710256059.244291
1710256059.244291
1710256059.343200
1710256059.343200
1710256059.444229
1710256059.444229
1710256059.545762
1710256059.545762
1710256059.643330
1710256059.643330
1710256059.740286
1710256059.740286
1710256059.840551
1710256059.840551
1710256059.939726
1710256059.939726
1710256060.046356
1710256060.046356
1710256060.141074
1710256060.141074
1710256060.240869
1710256060.240869
1710256060.338450
1710256060.338450
1710256060.440171
1710256060.440171
1710256060.536849
1710256060.536849
1710256060.639403
1710256060.639403
1710256060.736734
1710256060.736734
1710256060.838262
1710256060.838262
1710256060.937510
1710256060.937510
1710256061.036192
1710256061.036192
1710256061.136192
1710256061.136192
1710256061.237384
1710256061.237384
1710256061.337350
1710256061.337350
1710256061.435963
1710256061.435963
1710256061.534892
1710256061.534892
1710256061.634929
1710256061.634929
1710256061.734669
1710256061.734669
1710256061.832547
1710256061.832547
1710256061.936361
1710256061.936361
1710256062.033654
1710256062.033654
1710256062.131988
1710256062.131988
1710256062.235171
1710256062.235171
1710256062.331835
1710256062.331835
1710256062.431902
1710256062.431902
1710256062.534108
1710256062.534108
1710256062.633762
1710256062.633762
1710256062.734524
1710256062.734524
1710256062.832522
1710256062.832522
1710256062.931571
1710256062.931571
1710256063.031538
1710256063.031538
1710256063.132717
1710256063.132717
1710256063.229842
1710256063.229842
1710256063.331687
1710256063.331687
1710256063.430172
1710256063.430172
1710256063.526794
1710256063.526794
1710256063.626199
1710256063.626199
1710256063.725626
1710256063.725626
1710256063.824928
1710256063.824928
1710256063.923880
1710256063.923880
1710256064.021832
1710256064.021832
1710256064.122267
1710256064.122267
1710256064.222621
1710256064.222621
1710256064.321650
1710256064.321650
1710256064.422715
1710256064.422715
1710256064.522897
1710256064.522897
1710256064.622174
1710256064.622174
1710256064.721458
1710256064.721458
1710256064.818551
1710256064.818551
1710256064.919342
1710256064.919342
1710256065.022346
1710256065.022346
1710256065.118897
1710256065.118897
1710256065.220095
1710256065.220095
1710256065.318449
1710256065.318449
1710256065.416851
1710256065.416851
1710256065.515230
1710256065.515230
1710256065.615292
1710256065.615292
1710256065.714892
1710256065.714892
1710256065.816521
1710256065.816521
1710256065.913399
1710256065.913399
1710256066.020898
1710256066.020898
1710256066.114306
1710256066.114306
1710256066.213277
1710256066.213277
1710256066.312579
1710256066.312579
1710256066.414581
1710256066.414581
1710256066.512752
1710256066.512752
1710256066.613286
1710256066.613286
1710256066.715081
1710256066.715081
1710256066.811339
1710256066.811339
1710256066.912043
1710256066.912043
1710256067.009701
1710256067.009701
1710256067.110465
1710256067.110465
1710256067.208728
1710256067.208728
1710256067.309780
1710256067.309780
1710256067.409060
1710256067.409060
1710256067.510365
1710256067.510365
1710256067.609817
1710256067.609817
1710256067.708923
1710256067.708923
1710256067.806759
1710256067.806759
1710256067.908821
1710256067.908821
1710256068.010246
1710256068.010246
1710256068.108694
1710256068.108694
1710256068.209481
1710256068.209481
1710256068.310871
1710256068.310871
1710256068.408055
1710256068.408055
1710256068.506520
1710256068.506520
1710256068.609485
1710256068.609485
1710256068.707517
1710256068.707517
1710256068.808055
1710256068.808055
1710256068.905846
1710256068.905846
1710256069.006063
1710256069.006063
1710256069.105345
1710256069.105345
1710256069.207150
1710256069.207150
1710256069.306437
1710256069.306437
1710256069.405337
1710256069.405337
1710256069.505735
1710256069.505735
1710256069.603999
1710256069.603999
1710256069.705578
1710256069.705578
1710256069.805400
1710256069.805400
1710256069.904576
1710256069.904576
1710256070.008490
1710256070.008490
1710256070.105139
1710256070.105139
1710256070.204796
1710256070.204796
1710256070.303582
1710256070.303582
1710256070.405061
1710256070.405061
1710256070.507062
1710256070.507062
1710256070.603350
1710256070.603350
1710256070.706762
1710256070.706762
1710256070.805157
1710256070.805157
1710256070.904408
1710256070.904408
1710256071.002786
1710256071.002786
1710256071.109882
1710256071.109882
1710256071.204211
1710256071.204211
1710256071.303447
1710256071.303447
1710256071.404134
1710256071.404134
1710256071.504138
1710256071.504138
1710256071.602181
1710256071.602181
1710256071.703138
1710256071.703138
1710256071.802493
1710256071.802493
1710256071.903491
1710256071.903491
1710256072.017528
1710256072.017528
1710256072.103744
1710256072.103744
1710256072.202529
1710256072.202529
1710256072.300089
1710256072.300089
1710256072.397938
1710256072.397938
1710256072.499206
1710256072.499206
1710256072.602657
1710256072.602657
1710256072.699250
1710256072.699250
1710256072.798303
1710256072.798303
1710256072.897219
1710256072.897219
1710256072.999711
1710256072.999711
1710256073.098394
1710256073.098394
1710256073.196024
1710256073.196024
1710256073.297539
1710256073.297539
1710256073.397928
1710256073.397928
1710256073.496113
1710256073.496113
1710256073.596272
1710256073.596272
1710256073.695822
1710256073.695822
1710256073.794739
1710256073.794739
1710256073.895927
1710256073.895927
1710256073.994499
1710256073.994499
1710256074.094251
1710256074.094251
1710256074.195343
1710256074.195343
1710256074.297453
1710256074.297453
1710256074.395638
1710256074.395638
1710256074.494382
1710256074.494382
1710256074.593410
1710256074.593410
1710256074.695217
1710256074.695217
1710256074.795389
1710256074.795389
1710256074.896030
1710256074.896030
1710256074.992134
1710256074.992134
1710256075.094404
1710256075.094404
1710256075.191792
1710256075.191792
1710256075.290843
1710256075.290843
1710256075.391178
1710256075.391178
1710256075.490712
1710256075.490712
1710256075.601912
1710256075.601912
1710256075.690745
1710256075.690745
1710256075.790220
1710256075.790220
1710256075.890140
1710256075.890140
1710256075.991813
1710256075.991813
1710256076.088697
1710256076.088697
1710256076.186930
1710256076.186930
1710256076.288813
1710256076.288813
1710256076.392830
1710256076.392830
1710256076.499385
1710256076.499385
1710256076.594737
1710256076.594737
1710256076.692192
1710256076.692192
1710256076.789503
1710256076.789503
1710256076.890997
1710256076.890997
1710256077.001008
1710256077.001008
1710256077.091635
1710256077.091635
1710256077.187936
1710256077.187936
1710256077.301335
1710256077.301335
1710256077.389734
1710256077.389734
1710256077.490247
1710256077.490247
1710256077.590636
1710256077.590636
1710256077.688762
1710256077.688762
1710256077.790224
1710256077.790224
1710256077.895774
1710256077.895774
1710256077.992292
1710256077.992292
1710256078.087683
1710256078.087683
1710256078.194695
1710256078.194695
1710256078.287830
1710256078.287830
1710256078.387697
1710256078.387697
1710256078.492847
1710256078.492847
1710256078.587480
1710256078.587480
1710256078.692123
1710256078.692123
1710256078.789231
1710256078.789231
1710256078.889786
1710256078.889786
1710256078.989130
1710256078.989130
1710256079.097933
1710256079.097933
1710256079.188387
1710256079.188387
1710256079.287864
1710256079.287864
1710256079.392789
1710256079.392789
1710256079.493811
1710256079.493811
1710256079.585907
1710256079.585907
1710256079.686651
1710256079.686651
1710256079.783685
1710256079.783685
1710256079.888427
1710256079.888427
1710256079.990807
1710256079.990807
1710256080.087291
1710256080.087291
1710256080.187413
1710256080.187413
1710256080.285403
1710256080.285403
1710256080.384456
1710256080.384456
1710256080.485078
1710256080.485078
1710256080.589859
1710256080.589859
1710256080.684091
1710256080.684091
1710256080.785872
1710256080.785872
1710256080.891491
1710256080.891491
1710256080.984133
1710256080.984133
1710256081.089332
1710256081.089332
1710256081.194072
1710256081.194072
1710256081.284035
1710256081.284035
1710256081.387887
1710256081.387887
1710256081.489302
1710256081.489302
1710256081.585764
1710256081.585764
1710256081.686592
1710256081.686592
1710256081.787751
1710256081.787751
1710256081.882519
1710256081.882519
1710256081.986463
1710256081.986463
1710256082.089792
1710256082.089792
1710256082.185254
1710256082.185254
1710256082.281861
1710256082.281861
1710256082.388368
1710256082.388368
1710256082.478546
1710256082.478546
1710256082.577082
1710256082.577082
1710256082.680241
1710256082.680241
1710256082.779791
1710256082.779791
1710256082.879326
1710256082.879326
1710256082.986781
1710256082.986781
1710256083.080090
1710256083.080090
1710256083.176033
1710256083.176033
1710256083.287200
1710256083.287200
1710256083.380524
1710256083.380524
1710256083.482727
1710256083.482727
1710256083.582023
1710256083.582023
1710256083.681269
1710256083.681269
1710256083.779385
1710256083.779385
1710256083.878097
1710256083.878097
1710256083.978372
1710256083.978372
1710256084.077712
1710256084.077712
1710256084.185455
1710256084.185455
1710256084.278622
1710256084.278622
1710256084.375372
1710256084.375372
1710256084.487771
1710256084.487771
1710256084.578247
1710256084.578247
1710256084.680987
1710256084.680987
1710256084.775324
1710256084.775324
1710256084.874979
1710256084.874979
1710256084.981175
1710256084.981175
1710256085.076922
1710256085.076922
1710256085.179523
1710256085.179523
1710256085.281447
1710256085.281447
1710256085.380240
1710256085.380240
1710256085.473396
1710256085.473396
1710256085.574572
1710256085.574572
1710256085.679982
1710256085.679982
1710256085.774721
1710256085.774721
1710256085.873463
1710256085.873463
1710256085.976429
1710256085.976429
1710256086.072944
1710256086.072944
1710256086.177681
1710256086.177681
1710256086.272703
1710256086.272703
1710256086.376904
1710256086.376904
1710256086.477632
1710256086.477632
1710256086.571565
1710256086.571565
1710256086.671056
1710256086.671056
1710256086.772151
1710256086.772151
1710256086.871562
1710256086.871562
1710256086.972353
1710256086.972353
1710256087.071140
1710256087.071140
1710256087.175032
1710256087.175032
1710256087.272073
1710256087.272073
1710256087.380719
1710256087.380719
1710256087.476117
1710256087.476117
1710256087.572512
1710256087.572512
1710256087.677426
1710256087.677426
1710256087.772051
1710256087.772051
1710256087.873379
1710256087.873379
1710256087.969025
1710256087.969025
1710256088.068116
1710256088.068116
1710256088.166898
1710256088.166898
1710256088.270556
1710256088.270556
1710256088.371805
1710256088.371805
1710256088.475724
1710256088.475724
1710256088.570876
1710256088.570876
1710256088.671384
1710256088.671384
1710256088.768762
1710256088.768762
1710256088.867000
1710256088.867000
1710256088.975096
1710256088.975096
1710256089.073614
1710256089.073614
1710256089.170823
1710256089.170823
1710256089.272814
1710256089.272814
1710256089.371943
1710256089.371943
1710256089.476086
1710256089.476086
1710256089.573087
1710256089.573087
1710256089.672941
1710256089.672941
1710256089.766865
1710256089.766865
1710256089.867505
1710256089.867505
1710256089.965639
1710256089.965639
1710256090.072520
1710256090.072520
1710256090.169287
1710256090.169287
1710256090.267111
1710256090.267111
1710256090.371038
1710256090.371038
1710256090.470059
1710256090.470059
1710256090.563269
1710256090.563269
1710256090.664466
1710256090.664466
1710256090.767995
1710256090.767995
1710256090.864460
1710256090.864460
1710256090.964817
1710256090.964817
1710256091.065041
1710256091.065041
1710256091.165676
1710256091.165676
1710256091.266279
1710256091.266279
1710256091.365965
1710256091.365965
1710256091.462145
1710256091.462145
1710256091.563871
1710256091.563871
1710256091.663123
1710256091.663123
1710256091.763354
1710256091.763354
1710256091.863399
1710256091.863399
1710256091.963296
1710256091.963296
1710256092.062006
1710256092.062006
1710256092.163304
1710256092.163304
1710256092.262430
1710256092.262430
1710256092.362213
1710256092.362213
1710256092.463613
1710256092.463613
1710256092.563628
1710256092.563628
1710256092.661814
1710256092.661814
1710256092.761235
1710256092.761235
1710256092.861676
1710256092.861676
1710256092.966866
1710256092.966866
1710256093.065088
1710256093.065088
1710256093.162192
1710256093.162192
1710256093.261227
1710256093.261227
1710256093.361248
1710256093.361248
1710256093.462020
1710256093.462020
1710256093.559267
1710256093.559267
1710256093.662858
1710256093.662858
1710256093.758628
1710256093.758628
1710256093.859803
1710256093.859803
1710256093.957197
1710256093.957197
1710256094.060542
1710256094.060542
1710256094.156316
1710256094.156316
1710256094.256068
1710256094.256068
1710256094.358625
1710256094.358625
1710256094.457469
1710256094.457469
1710256094.555702
1710256094.555702
1710256094.656623
1710256094.656623
1710256094.757520
1710256094.757520
1710256094.856194
1710256094.856194
1710256094.958165
1710256094.958165
1710256095.054172
1710256095.054172
1710256095.155140
1710256095.155140
1710256095.255454
1710256095.255454
1710256095.353521
1710256095.353521
1710256095.453146
1710256095.453146
1710256095.556536
1710256095.556536
1710256095.661867
1710256095.661867
1710256095.755321
1710256095.755321
1710256095.854995
1710256095.854995
1710256095.954888
1710256095.954888
1710256096.053546
1710256096.053546
1710256096.154733
1710256096.154733
1710256096.251820
1710256096.251820
1710256096.352504
1710256096.352504
1710256096.450763
1710256096.450763
1710256096.549328
1710256096.549328
1710256096.652358
1710256096.652358
1710256096.749707
1710256096.749707
1710256096.849152
1710256096.849152
1710256096.949225
1710256096.949225
1710256097.049929
1710256097.049929
1710256097.155492
1710256097.155492
1710256097.249352
1710256097.249352
1710256097.348403
1710256097.348403
1710256097.447858
1710256097.447858
1710256097.547651
1710256097.547651
1710256097.647316
1710256097.647316
1710256097.749899
1710256097.749899
1710256097.846629
1710256097.846629
1710256097.949157
1710256097.949157
1710256098.050048
1710256098.050048
1710256098.148424
1710256098.148424
1710256098.245395
1710256098.245395
1710256098.346195
1710256098.346195
1710256098.446644
1710256098.446644
1710256098.546128
1710256098.546128
1710256098.645021
1710256098.645021
1710256098.745604
1710256098.745604
1710256098.846435
1710256098.846435
1710256098.950046
1710256098.950046
1710256099.047727
1710256099.047727
1710256099.146727
1710256099.146727
1710256099.245915
1710256099.245915
1710256099.345598
1710256099.345598
1710256099.445177
1710256099.445177
1710256099.543538
1710256099.543538
1710256099.645725
1710256099.645725
1710256099.743643
1710256099.743643
1710256099.842963
1710256099.842963
1710256099.947234
1710256099.947234
1710256100.044506
1710256100.044506
1710256100.142915
1710256100.142915
1710256100.246941
1710256100.246941
1710256100.344320
1710256100.344320
1710256100.442381
1710256100.442381
1710256100.544634
1710256100.544634
1710256100.643262
1710256100.643262
1710256100.742004
1710256100.742004
1710256100.842659
1710256100.842659
1710256100.943299
1710256100.943299
1710256101.041684
1710256101.041684
1710256101.144793
1710256101.144793
1710256101.246454
1710256101.246454
1710256101.340343
1710256101.340343
1710256101.444800
1710256101.444800
1710256101.543647
1710256101.543647
1710256101.641776
1710256101.641776
1710256101.746487
1710256101.746487
1710256101.844194
1710256101.844194
1710256101.940772
1710256101.940772
1710256102.041173
1710256102.041173
1710256102.140965
1710256102.140965
1710256102.241477
1710256102.241477
1710256102.340149
1710256102.340149
1710256102.439750
1710256102.439750
1710256102.540399
1710256102.540399
1710256102.639509
1710256102.639509
1710256102.740132
1710256102.740132
1710256102.837538
1710256102.837538
1710256102.939122
1710256102.939122
1710256103.038671
1710256103.038671
1710256103.136002
1710256103.136002
1710256103.242741
1710256103.242741
1710256103.336579
1710256103.336579
1710256103.437177
1710256103.437177
1710256103.537555
1710256103.537555
1710256103.635934
1710256103.635934
1710256103.735335
1710256103.735335
1710256103.837469
1710256103.837469
1710256103.937612
1710256103.937612
1710256104.035706
1710256104.035706
1710256104.138341
1710256104.138341
1710256104.235733
1710256104.235733
1710256104.336244
1710256104.336244
1710256104.434537
1710256104.434537
1710256104.532884
1710256104.532884
1710256104.631718
1710256104.631718
1710256104.733353
1710256104.733353
1710256104.833949
1710256104.833949
1710256104.933764
1710256104.933764
1710256105.035875
1710256105.035875
1710256105.133922
1710256105.133922
1710256105.231930
1710256105.231930
1710256105.334103
1710256105.334103
1710256105.430921
1710256105.430921
1710256105.532361
1710256105.532361
1710256105.632013
1710256105.632013
1710256105.732497
1710256105.732497
1710256105.833580
1710256105.833580
1710256105.932181
1710256105.932181
1710256106.032094
1710256106.032094
1710256106.132664
1710256106.132664
1710256106.231965
1710256106.231965
1710256106.330896
1710256106.330896
1710256106.430549
1710256106.430549
1710256106.530933
1710256106.530933
1710256106.632185
1710256106.632185
1710256106.729239
1710256106.729239
1710256106.829624
1710256106.829624
1710256106.929526
1710256106.929526
1710256107.028406
1710256107.028406
1710256107.128389
1710256107.128389
1710256107.228475
1710256107.228475
1710256107.329721
1710256107.329721
1710256107.428015
1710256107.428015
1710256107.529690
1710256107.529690
1710256107.629034
1710256107.629034
1710256107.729905
1710256107.729905
1710256107.829047
1710256107.829047
1710256107.928257
1710256107.928257
1710256108.029792
1710256108.029792
1710256108.128490
1710256108.128490
1710256108.225793
1710256108.225793
1710256108.327968
1710256108.327968
1710256108.427748
1710256108.427748
1710256108.524401
1710256108.524401
1710256108.628400
1710256108.628400
1710256108.727533
1710256108.727533
1710256108.824065
1710256108.824065
1710256108.927042
1710256108.927042
1710256109.026652
1710256109.026652
1710256109.125312
1710256109.125312
1710256109.223707
1710256109.223707
1710256109.324452
1710256109.324452
1710256109.421987
1710256109.421987
1710256109.530248
1710256109.530248
1710256109.621667
1710256109.621667
1710256109.722227
1710256109.722227
1710256109.819941
1710256109.819941
1710256109.919135
1710256109.919135
1710256110.019971
1710256110.019971
1710256110.120548
1710256110.120548
1710256110.218605
1710256110.218605
1710256110.316394
1710256110.316394
1710256110.414134
1710256110.414134
1710256110.515010
1710256110.515010
1710256110.614774
1710256110.614774
1710256110.714412
1710256110.714412
1710256110.815423
1710256110.815423
1710256110.913662
1710256110.913662
1710256111.013468
1710256111.013468
1710256111.114439
1710256111.114439
1710256111.213435
1710256111.213435
1710256111.314341
1710256111.314341
1710256111.414533
1710256111.414533
1710256111.514514
1710256111.514514
1710256111.612988
1710256111.612988
1710256111.716048
1710256111.716048
1710256111.813475
1710256111.813475
1710256111.913675
1710256111.913675
1710256112.013353
1710256112.013353
1710256112.112036
1710256112.112036
1710256112.212791
1710256112.212791
1710256112.311737
1710256112.311737
1710256112.411583
1710256112.411583
1710256112.513652
1710256112.513652
1710256112.612046
1710256112.612046
1710256112.711244
1710256112.711244
1710256112.812737
1710256112.812737
1710256112.913329
1710256112.913329
1710256113.012644
1710256113.012644
1710256113.115008
1710256113.115008
1710256113.212827
1710256113.212827
1710256113.311664
1710256113.311664
1710256113.412798
1710256113.412798
1710256113.511821
1710256113.511821
1710256113.612193
1710256113.612193
1710256113.713166
1710256113.713166
1710256113.811585
1710256113.811585
1710256113.912746
1710256113.912746
1710256114.016310
1710256114.016310
1710256114.112287
1710256114.112287
1710256114.211441
1710256114.211441
1710256114.316256
1710256114.316256
1710256114.418120
1710256114.418120
1710256114.510700
1710256114.510700
1710256114.613054
1710256114.613054
1710256114.710669
1710256114.710669
1710256114.810208
1710256114.810208
1710256114.914197
1710256114.914197
1710256115.011643
1710256115.011643
1710256115.111210
1710256115.111210
1710256115.212699
1710256115.212699
1710256115.310054
1710256115.310054
1710256115.412095
1710256115.412095
1710256115.511366
1710256115.511366
1710256115.611681
1710256115.611681
1710256115.714738
1710256115.714738
1710256115.814445
1710256115.814445
1710256115.911583
1710256115.911583
1710256116.007290
1710256116.007290
1710256116.107105
1710256116.107105
1710256116.206160
1710256116.206160
1710256116.305855
1710256116.305855
1710256116.403994
1710256116.403994
1710256116.503098
1710256116.503098
1710256116.601698
1710256116.601698
1710256116.703463
1710256116.703463
1710256116.804876
1710256116.804876
1710256116.902762
1710256116.902762
1710256117.002980
1710256117.002980
1710256117.101059
1710256117.101059
1710256117.202572
1710256117.202572
1710256117.302141
1710256117.302141
1710256117.401793
1710256117.401793
1710256117.500973
1710256117.500973
1710256117.600563
1710256117.600563
1710256117.702516
1710256117.702516
1710256117.801094
1710256117.801094
1710256117.900072
1710256117.900072
1710256118.000014
1710256118.000014
1710256118.099000
1710256118.099000
1710256118.199193
1710256118.199193
1710256118.300140
1710256118.300140
1710256118.401985
1710256118.401985
1710256118.506181
1710256118.506181
1710256118.608564
1710256118.608564
1710256118.701062
1710256118.701062
1710256118.801397
1710256118.801397
1710256118.898625
1710256118.898625
1710256119.001545
1710256119.001545
1710256119.097910
1710256119.097910
1710256119.197995
1710256119.197995
1710256119.297593
1710256119.297593
1710256119.400822
1710256119.400822
1710256119.498468
1710256119.498468
1710256119.597200
1710256119.597200
1710256119.697913
1710256119.697913
1710256119.800066
1710256119.800066
1710256119.896513
1710256119.896513
1710256119.997777
1710256119.997777
1710256120.096535
1710256120.096535
1710256120.196176
1710256120.196176
1710256120.300123
1710256120.300123
1710256120.397258
1710256120.397258
1710256120.497699
1710256120.497699
1710256120.596422
1710256120.596422
1710256120.695997
1710256120.695997
1710256120.795938
1710256120.795938
1710256120.899782
1710256120.899782
1710256120.996673
1710256120.996673
1710256121.096818
1710256121.096818
1710256121.194797
1710256121.194797
1710256121.296034
1710256121.296034
1710256121.397707
1710256121.397707
1710256121.497866
1710256121.497866
1710256121.596414
1710256121.596414
1710256121.697898
1710256121.697898
1710256121.793012
1710256121.793012
1710256121.894154
1710256121.894154
1710256121.992758
1710256121.992758
1710256122.095392
1710256122.095392
1710256122.195623
1710256122.195623
1710256122.294979
1710256122.294979
1710256122.394112
1710256122.394112
1710256122.494362
1710256122.494362
1710256122.593832
1710256122.593832
1710256122.693144
1710256122.693144
1710256122.793272
1710256122.793272
1710256122.892616
1710256122.892616
1710256122.993602
1710256122.993602
1710256123.093986
1710256123.093986
1710256123.192270
1710256123.192270
1710256123.291604
1710256123.291604
1710256123.393815
1710256123.393815
1710256123.491356
1710256123.491356
1710256123.594417
1710256123.594417
1710256123.692072
1710256123.692072
1710256123.791214
1710256123.791214
1710256123.893485
1710256123.893485
1710256123.992245
1710256123.992245
1710256124.090850
1710256124.090850
1710256124.193266
1710256124.193266
1710256124.291326
1710256124.291326
1710256124.390563
1710256124.390563
1710256124.491701
1710256124.491701
1710256124.589411
1710256124.589411
1710256124.689655
1710256124.689655
1710256124.791524
1710256124.791524
1710256124.888720
1710256124.888720
1710256124.988215
1710256124.988215
1710256125.089193
1710256125.089193
1710256125.190132
1710256125.190132
1710256125.292265
1710256125.292265
1710256125.389598
1710256125.389598
1710256125.490125
1710256125.490125
1710256125.590160
1710256125.590160
1710256125.689847
1710256125.689847
1710256125.788989
1710256125.788989
1710256125.887048
1710256125.887048
1710256125.987633
1710256125.987633
1710256126.087202
1710256126.087202
1710256126.193998
1710256126.193998
1710256126.287570
1710256126.287570
1710256126.386185
1710256126.386185
1710256126.483455
1710256126.483455
1710256126.584219
1710256126.584219
1710256126.683888
1710256126.683888
1710256126.784028
1710256126.784028
1710256126.884568
1710256126.884568
1710256126.983340
1710256126.983340
1710256127.085140
1710256127.085140
1710256127.183974
1710256127.183974
1710256127.284885
1710256127.284885
1710256127.383988
1710256127.383988
1710256127.482754
1710256127.482754
1710256127.586584
1710256127.586584
1710256127.682673
1710256127.682673
1710256127.783767
1710256127.783767
1710256127.883184
1710256127.883184
1710256127.984168
1710256127.984168
1710256128.081711
1710256128.081711
1710256128.183627
1710256128.183627
1710256128.281920
1710256128.281920
1710256128.384904
1710256128.384904
1710256128.482882
1710256128.482882
1710256128.582570
1710256128.582570
1710256128.683216
1710256128.683216
1710256128.781938
1710256128.781938
1710256128.881398
1710256128.881398
1710256128.982941
1710256128.982941
1710256129.082321
1710256129.082321
1710256129.182553
1710256129.182553
1710256129.282478
1710256129.282478
1710256129.383490
1710256129.383490
1710256129.481321
1710256129.481321
1710256129.583339
1710256129.583339
1710256129.679776
1710256129.679776
1710256129.780571
1710256129.780571
1710256129.879558
1710256129.879558
1710256129.979831
1710256129.979831
1710256130.079067
1710256130.079067
1710256130.179640
1710256130.179640
1710256130.281035
1710256130.281035
1710256130.385202
1710256130.385202
1710256130.479527
1710256130.479527
1710256130.579804
1710256130.579804
1710256130.679882
1710256130.679882
1710256130.780103
1710256130.780103
1710256130.880374
1710256130.880374
1710256130.978249
1710256130.978249
1710256131.078380
1710256131.078380
1710256131.181091
1710256131.181091
1710256131.278869
1710256131.278869
1710256131.379405
1710256131.379405
1710256131.479827
1710256131.479827
1710256131.575931
1710256131.575931
1710256131.677348
1710256131.677348
1710256131.776708
1710256131.776708
1710256131.876245
1710256131.876245
1710256131.975702
1710256131.975702
1710256132.076749
1710256132.076749
1710256132.177270
1710256132.177270
1710256132.276310
1710256132.276310
1710256132.372894
1710256132.372894
1710256132.472196
1710256132.472196
1710256132.574012
1710256132.574012
1710256132.671609
1710256132.671609
1710256132.771739
1710256132.771739
1710256132.872226
1710256132.872226
1710256132.970734
1710256132.970734
1710256133.067984
1710256133.067984
1710256133.166309
1710256133.166309
1710256133.265720
1710256133.265720
1710256133.363288
1710256133.363288
1710256133.464237
1710256133.464237
1710256133.564134
1710256133.564134
1710256133.661067
1710256133.661067
1710256133.761057
1710256133.761057
1710256133.862907
1710256133.862907
1710256133.959562
1710256133.959562
1710256134.061153
1710256134.061153
1710256134.160920
1710256134.160920
1710256134.259197
1710256134.259197
1710256134.359013
1710256134.359013
1710256134.459207
1710256134.459207
1710256134.556752
1710256134.556752
1710256134.660460
1710256134.660460
1710256134.759779
1710256134.759779
1710256134.858537
1710256134.858537
1710256134.959644
1710256134.959644
1710256135.062089
1710256135.062089
1710256135.157339
1710256135.157339
1710256135.258656
1710256135.258656
1710256135.356562
1710256135.356562
1710256135.455026
1710256135.455026
1710256135.558211
1710256135.558211
1710256135.656215
1710256135.656215
1710256135.755537
1710256135.755537
1710256135.855422
1710256135.855422
1710256135.956573
1710256135.956573
1710256136.058388
1710256136.058388
1710256136.155881
1710256136.155881
1710256136.257587
1710256136.257587
1710256136.354053
1710256136.354053
1710256136.456927
1710256136.456927
1710256136.556446
1710256136.556446
1710256136.655978
1710256136.655978
1710256136.756164
1710256136.756164
1710256136.855494
1710256136.855494
1710256136.953250
1710256136.953250
1710256137.053488
1710256137.053488
1710256137.154343
1710256137.154343
1710256137.253586
1710256137.253586
1710256137.354321
1710256137.354321
1710256137.454978
1710256137.454978
1710256137.551852
1710256137.551852
1710256137.652835
1710256137.652835
1710256137.754384
1710256137.754384
1710256137.852051
1710256137.852051
1710256137.953453
1710256137.953453
1710256138.053584
1710256138.053584
1710256138.151195
1710256138.151195
1710256138.253263
1710256138.253263
1710256138.352168
1710256138.352168
1710256138.454665
1710256138.454665
1710256138.552301
1710256138.552301
1710256138.653740
1710256138.653740
1710256138.750453
1710256138.750453
1710256138.850443
1710256138.850443
1710256138.950532
1710256138.950532
1710256139.049215
1710256139.049215
1710256139.148810
1710256139.148810
1710256139.249273
1710256139.249273
1710256139.348968
1710256139.348968
1710256139.447606
1710256139.447606
1710256139.547497
1710256139.547497
1710256139.647533
1710256139.647533
1710256139.747972
1710256139.747972
1710256139.845821
1710256139.845821
1710256139.946311
1710256139.946311
1710256140.051156
1710256140.051156
1710256140.147290
1710256140.147290
1710256140.246400
1710256140.246400
1710256140.348947
1710256140.348947
1710256140.449852
1710256140.449852
1710256140.546663
1710256140.546663
1710256140.645777
1710256140.645777
1710256140.747984
1710256140.747984
1710256140.844597
1710256140.844597
1710256140.945736
1710256140.945736
1710256141.046721
1710256141.046721
1710256141.146059
1710256141.146059
1710256141.244457
1710256141.244457
1710256141.344782
1710256141.344782
1710256141.445975
1710256141.445975
1710256141.545330
1710256141.545330
1710256141.645989
1710256141.645989
1710256141.746190
1710256141.746190
1710256141.844668
1710256141.844668
1710256141.946653
1710256141.946653
1710256142.046140
1710256142.046140
1710256142.144276
1710256142.144276
1710256142.243674
1710256142.243674
1710256142.345335
1710256142.345335
1710256142.444529
1710256142.444529
1710256142.544384
1710256142.544384
1710256142.644016
1710256142.644016
1710256142.743950
1710256142.743950
1710256142.843973
1710256142.843973
1710256142.942385
1710256142.942385
1710256143.041615
1710256143.041615
1710256143.140935
1710256143.140935
1710256143.250747
1710256143.250747
1710256143.342971
1710256143.342971
1710256143.441032
1710256143.441032
1710256143.540802
1710256143.540802
1710256143.638941
1710256143.638941
1710256143.739181
1710256143.739181
1710256143.837164
1710256143.837164
1710256143.934599
1710256143.934599
1710256144.035450
1710256144.035450
1710256144.133418
1710256144.133418
1710256144.233898
1710256144.233898
1710256144.332893
1710256144.332893
1710256144.431804
1710256144.431804
1710256144.532137
1710256144.532137
1710256144.633219
1710256144.633219
1710256144.733003
1710256144.733003
1710256144.834047
1710256144.834047
1710256144.930538
1710256144.930538
1710256145.029542
1710256145.029542
1710256145.129165
1710256145.129165
1710256145.227145
1710256145.227145
1710256145.325310
1710256145.325310
1710256145.424494
1710256145.424494
1710256145.520781
1710256145.520781
1710256145.620308
1710256145.620308
1710256145.719572
1710256145.719572
1710256145.819524
1710256145.819524
1710256145.918113
1710256145.918113
1710256146.019594
1710256146.019594
1710256146.118314
1710256146.118314
1710256146.218650
1710256146.218650
1710256146.316646
1710256146.316646
1710256146.415877
1710256146.415877
1710256146.515245
1710256146.515245
1710256146.618250
1710256146.618250
1710256146.716252
1710256146.716252
1710256146.814227
1710256146.814227
1710256146.914187
1710256146.914187
1710256147.012987
1710256147.012987
1710256147.112565
1710256147.112565
1710256147.211715
1710256147.211715
1710256147.311763
1710256147.311763
1710256147.410813
1710256147.410813
1710256147.508677
1710256147.508677
1710256147.605805
1710256147.605805
1710256147.703422
1710256147.703422
1710256147.803005
1710256147.803005
1710256147.905402
1710256147.905402
1710256148.002057
1710256148.002057
1710256148.099038
1710256148.099038
1710256148.199792
1710256148.199792
1710256148.300543
1710256148.300543
1710256148.397500
1710256148.397500
1710256148.495517
1710256148.495517
1710256148.593642
1710256148.593642
1710256148.690096
1710256148.690096
1710256148.786036
1710256148.786036
1710256148.883177
1710256148.883177
1710256148.981788
1710256148.981788
1710256149.080080
1710256149.080080
1710256149.174897
1710256149.174897
1710256149.272959
1710256149.272959
1710256149.369564
1710256149.369564
1710256149.467229
1710256149.467229
1710256149.567922
1710256149.567922
1710256149.666273
1710256149.666273
1710256149.765133
1710256149.765133
1710256149.866178
1710256149.866178
1710256149.965686
1710256149.965686
1710256150.063845
1710256150.063845
1710256150.163094
1710256150.163094
1710256150.264240
1710256150.264240
1710256150.361724
1710256150.361724
1710256150.462272
1710256150.462272
1710256150.563987
1710256150.563987
1710256150.662293
1710256150.662293
1710256150.761669
1710256150.761669
1710256150.861885
1710256150.861885
1710256150.963830
1710256150.963830
1710256151.063367
1710256151.063367
1710256151.161079
1710256151.161079
1710256151.261213
1710256151.261213
1710256151.361154
1710256151.361154
1710256151.461461
1710256151.461461
1710256151.558702
1710256151.558702
1710256151.658173
1710256151.658173
1710256151.760600
1710256151.760600
1710256151.858287
1710256151.858287
1710256151.960234
1710256151.960234
1710256152.057802
1710256152.057802
1710256152.156531
1710256152.156531
1710256152.255857
1710256152.255857
1710256152.356952
1710256152.356952
1710256152.458561
1710256152.458561
1710256152.558849
1710256152.558849
1710256152.658402
1710256152.658402
1710256152.756989
1710256152.756989
1710256152.856194
1710256152.856194
1710256152.958412
1710256152.958412
1710256153.054678
1710256153.054678
1710256153.156353
1710256153.156353
1710256153.255845
1710256153.255845
1710256153.355960
1710256153.355960
1710256153.455517
1710256153.455517
1710256153.557200
1710256153.557200
1710256153.657176
1710256153.657176
1710256153.755921
1710256153.755921
1710256153.855593
1710256153.855593
1710256153.955586
1710256153.955586
1710256154.054632
1710256154.054632
1710256154.155320
1710256154.155320
1710256154.257600
1710256154.257600
1710256154.357003
1710256154.357003
1710256154.459988
1710256154.459988
1710256154.554349
1710256154.554349
1710256154.654746
1710256154.654746
1710256154.755423
1710256154.755423
1710256154.855724
1710256154.855724
1710256154.954212
1710256154.954212
1710256155.054950
1710256155.054950
1710256155.153133
1710256155.153133
1710256155.255443
1710256155.255443
1710256155.355623
1710256155.355623
1710256155.453137
1710256155.453137
1710256155.553068
1710256155.553068
1710256155.654390
1710256155.654390
1710256155.752127
1710256155.752127
1710256155.852269
1710256155.852269
1710256155.953327
1710256155.953327
1710256156.053028
1710256156.053028
1710256156.152994
1710256156.152994
1710256156.252782
1710256156.252782
1710256156.352358
1710256156.352358
1710256156.451954
1710256156.451954
1710256156.553962
1710256156.553962
1710256156.652318
1710256156.652318
1710256156.751474
1710256156.751474
1710256156.851777
1710256156.851777
1710256156.951844
1710256156.951844
1710256157.051121
1710256157.051121
1710256157.151566
1710256157.151566
1710256157.248262
1710256157.248262
1710256157.349055
1710256157.349055
1710256157.450204
1710256157.450204
1710256157.551369
1710256157.551369
1710256157.648867
1710256157.648867
1710256157.749909
1710256157.749909
1710256157.847586
1710256157.847586
1710256157.950925
1710256157.950925
1710256158.047387
1710256158.047387
1710256158.151229
1710256158.151229
1710256158.249478
1710256158.249478
1710256158.348605
1710256158.348605
1710256158.449007
1710256158.449007
1710256158.549595
1710256158.549595
1710256158.648077
1710256158.648077
1710256158.747665
1710256158.747665
1710256158.846658
1710256158.846658
1710256158.948243
1710256158.948243
1710256159.048273
1710256159.048273
1710256159.148027
1710256159.148027
1710256159.248775
1710256159.248775
1710256159.347869
1710256159.347869
1710256159.445715
1710256159.445715
1710256159.546262
1710256159.546262
1710256159.650009
1710256159.650009
1710256159.747591
1710256159.747591
1710256159.848052
1710256159.848052
1710256159.946248
1710256159.946248
1710256160.047645
1710256160.047645
1710256160.148864
1710256160.148864
1710256160.248034
1710256160.248034
1710256160.345681
1710256160.345681
1710256160.447861
1710256160.447861
1710256160.546907
1710256160.546907
1710256160.645245
1710256160.645245
1710256160.747522
1710256160.747522
1710256160.844522
1710256160.844522
1710256160.944668
1710256160.944668
1710256161.047302
1710256161.047302
1710256161.146480
1710256161.146480
1710256161.244493
1710256161.244493
1710256161.343451
1710256161.343451
1710256161.446127
1710256161.446127
1710256161.546182
1710256161.546182
1710256161.644656
1710256161.644656
1710256161.743203
1710256161.743203
1710256161.841893
1710256161.841893
1710256161.944022
1710256161.944022
1710256162.043189
1710256162.043189
1710256162.144388
1710256162.144388
1710256162.243151
1710256162.243151
1710256162.342261
1710256162.342261
1710256162.442848
1710256162.442848
1710256162.543501
1710256162.543501
1710256162.649899
1710256162.649899
1710256162.741930
1710256162.741930
1710256162.842043
1710256162.842043
1710256162.950944
1710256162.950944
1710256163.041502
1710256163.041502
1710256163.140753
1710256163.140753
1710256163.240409
1710256163.240409
1710256163.340418
1710256163.340418
1710256163.440107
1710256163.440107
1710256163.538197
1710256163.538197
1710256163.640229
1710256163.640229
1710256163.739840
1710256163.739840
1710256163.839803
1710256163.839803
1710256163.939648
1710256163.939648
1710256164.039201
1710256164.039201
1710256164.139369
1710256164.139369
1710256164.236971
1710256164.236971
1710256164.333964
1710256164.333964
1710256164.433428
1710256164.433428
1710256164.532821
1710256164.532821
1710256164.632269
1710256164.632269
1710256164.730220
1710256164.730220
1710256164.830931
1710256164.830931
1710256164.928364
1710256164.928364
1710256165.028051
1710256165.028051
1710256165.129033
1710256165.129033
1710256165.228275
1710256165.228275
1710256165.329370
1710256165.329370
1710256165.428566
1710256165.428566
1710256165.527485
1710256165.527485
1710256165.626820
1710256165.626820
1710256165.727260
1710256165.727260
1710256165.827130
1710256165.827130
1710256165.926670
1710256165.926670
1710256166.025906
1710256166.025906
1710256166.125704
1710256166.125704
1710256166.225410
1710256166.225410
1710256166.324304
1710256166.324304
1710256166.424703
1710256166.424703
1710256166.528728
1710256166.528728
1710256166.625650
1710256166.625650
1710256166.724562
1710256166.724562
1710256166.823372
1710256166.823372
1710256166.924307
1710256166.924307
1710256167.024547
1710256167.024547
1710256167.122928
1710256167.122928
1710256167.224179
1710256167.224179
1710256167.323547
1710256167.323547
1710256167.420603
1710256167.420603
1710256167.522565
1710256167.522565
1710256167.620286
1710256167.620286
1710256167.721900
1710256167.721900
1710256167.819643
1710256167.819643
1710256167.918855
1710256167.918855
1710256168.019732
1710256168.019732
1710256168.118449
1710256168.118449
1710256168.220117
1710256168.220117
1710256168.319278
1710256168.319278
1710256168.419073
1710256168.419073
1710256168.519382
1710256168.519382
1710256168.617002
1710256168.617002
1710256168.718933
1710256168.718933
1710256168.818032
1710256168.818032
1710256168.917759
1710256168.917759
1710256169.017078
1710256169.017078
1710256169.116295
1710256169.116295
1710256169.216696
1710256169.216696
1710256169.315447
1710256169.315447
1710256169.417716
1710256169.417716
1710256169.515491
1710256169.515491
1710256169.615835
1710256169.615835
1710256169.715131
1710256169.715131
1710256169.814969
1710256169.814969
1710256169.915440
1710256169.915440
1710256170.013769
1710256170.013769
1710256170.112849
1710256170.112849
1710256170.214416
1710256170.214416
1710256170.313602
1710256170.313602
1710256170.418316
1710256170.418316
1710256170.510448
1710256170.510448
1710256170.611429
1710256170.611429
1710256170.711255
1710256170.711255
1710256170.811003
1710256170.811003
1710256170.911800
1710256170.911800
1710256171.012862
1710256171.012862
1710256171.109903
1710256171.109903
1710256171.210835
1710256171.210835
1710256171.311362
1710256171.311362
1710256171.410039
1710256171.410039
1710256171.510778
1710256171.510778
1710256171.614957
1710256171.614957
1710256171.709309
1710256171.709309
1710256171.809799
1710256171.809799
1710256171.912206
1710256171.912206
1710256172.008225
1710256172.008225
1710256172.106722
1710256172.106722
1710256172.208062
1710256172.208062
1710256172.307208
1710256172.307208
1710256172.405444
1710256172.405444
1710256172.506573
1710256172.506573
1710256172.605218
1710256172.605218
1710256172.705157
1710256172.705157
1710256172.805260
1710256172.805260
1710256172.906012
1710256172.906012
1710256173.005242
1710256173.005242
1710256173.102947
1710256173.102947
1710256173.202881
1710256173.202881
1710256173.303089
1710256173.303089
1710256173.407823
1710256173.407823
1710256173.502563
1710256173.502563
1710256173.604728
1710256173.604728
1710256173.702728
1710256173.702728
1710256173.802772
1710256173.802772
1710256173.901562
1710256173.901562
1710256174.005191
1710256174.005191
1710256174.100029
1710256174.100029
1710256174.203004
1710256174.203004
1710256174.299932
1710256174.299932
1710256174.399030
1710256174.399030
1710256174.498950
1710256174.498950
1710256174.599177
1710256174.599177
1710256174.699338
1710256174.699338
1710256174.797557
1710256174.797557
1710256174.897665
1710256174.897665
1710256174.998592
1710256174.998592
1710256175.097886
1710256175.097886
1710256175.196471
1710256175.196471
1710256175.299309
1710256175.299309
1710256175.396389
1710256175.396389
1710256175.495306
1710256175.495306
1710256175.597888
1710256175.597888
1710256175.695832
1710256175.695832
1710256175.794074
1710256175.794074
1710256175.892972
1710256175.892972
1710256175.993680
1710256175.993680
1710256176.089943
1710256176.089943
1710256176.188902
1710256176.188902
1710256176.287403
1710256176.287403
1710256176.388262
1710256176.388262
1710256176.487587
1710256176.487587
1710256176.586631
1710256176.586631
1710256176.688265
1710256176.688265
1710256176.786551
1710256176.786551
1710256176.885535
1710256176.885535
1710256176.983899
1710256176.983899
1710256177.083585
1710256177.083585
1710256177.185258
1710256177.185258
1710256177.282851
1710256177.282851
1710256177.383225
1710256177.383225
1710256177.483815
1710256177.483815
1710256177.581954
1710256177.581954
1710256177.684155
1710256177.684155
1710256177.783139
1710256177.783139
1710256177.882196
1710256177.882196
1710256177.981467
1710256177.981467
1710256178.080671
1710256178.080671
1710256178.181259
1710256178.181259
1710256178.280598
1710256178.280598
1710256178.384582
1710256178.384582
1710256178.479977
1710256178.479977
1710256178.579212
1710256178.579212
1710256178.679650
1710256178.679650
1710256178.780995
1710256178.780995
1710256178.878964
1710256178.878964
1710256178.978636
1710256178.978636
1710256179.094277
1710256179.094277
1710256179.180661
1710256179.180661
1710256179.279080
1710256179.279080
1710256179.379463
1710256179.379463
1710256179.477323
1710256179.477323
1710256179.577693
1710256179.577693
1710256179.677433
1710256179.677433
1710256179.776997
1710256179.776997
1710256179.876166
1710256179.876166
1710256179.980135
1710256179.980135
1710256180.077025
1710256180.077025
1710256180.176808
1710256180.176808
1710256180.281006
1710256180.281006
1710256180.379879
1710256180.379879
1710256180.477277
1710256180.477277
1710256180.576649
1710256180.576649
1710256180.677995
1710256180.677995
1710256180.775222
1710256180.775222
1710256180.875481
1710256180.875481
1710256180.977518
1710256180.977518
1710256181.077604
1710256181.077604
1710256181.174646
1710256181.174646
1710256181.275815
1710256181.275815
1710256181.374402
1710256181.374402
1710256181.476967
1710256181.476967
1710256181.575158
1710256181.575158
1710256181.672300
1710256181.672300
1710256181.776084
1710256181.776084
1710256181.871489
1710256181.871489
1710256181.971858
1710256181.971858
1710256182.071337
1710256182.071337
1710256182.172728
1710256182.172728
1710256182.269558
1710256182.269558
1710256182.366512
1710256182.366512
1710256182.467832
1710256182.467832
1710256182.565645
1710256182.565645
1710256182.666004
1710256182.666004
1710256182.766083
1710256182.766083
1710256182.866390
1710256182.866390
1710256182.968161
1710256182.968161
1710256183.067243
1710256183.067243
1710256183.165014
1710256183.165014
1710256183.265600
1710256183.265600
1710256183.364953
1710256183.364953
1710256183.466755
1710256183.466755
1710256183.564409
1710256183.564409
1710256183.664581
1710256183.664581
1710256183.764153
1710256183.764153
1710256183.864435
1710256183.864435
1710256183.962592
1710256183.962592
1710256184.062018
1710256184.062018
1710256184.160405
1710256184.160405
1710256184.260701
1710256184.260701
1710256184.361444
1710256184.361444
1710256184.460382
1710256184.460382
1710256184.561861
1710256184.561861
1710256184.661738
1710256184.661738
1710256184.759561
1710256184.759561
1710256184.861541
1710256184.861541
1710256184.960952
1710256184.960952
1710256185.061070
1710256185.061070
1710256185.159558
1710256185.159558
1710256185.259274
1710256185.259274
1710256185.360784
1710256185.360784
1710256185.458986
1710256185.458986
1710256185.559685
1710256185.559685
1710256185.658942
1710256185.658942
1710256185.758709
1710256185.758709
1710256185.856833
1710256185.856833
1710256185.957613
1710256185.957613
1710256186.057513
1710256186.057513
1710256186.159198
1710256186.159198
1710256186.258014
1710256186.258014
1710256186.356898
1710256186.356898
1710256186.456433
1710256186.456433
1710256186.555310
1710256186.555310
1710256186.654830
1710256186.654830
1710256186.756497
1710256186.756497
1710256186.854851
1710256186.854851
1710256186.954328
1710256186.954328
1710256187.055804
1710256187.055804
1710256187.154446
1710256187.154446
1710256187.255050
1710256187.255050
1710256187.355248
1710256187.355248
1710256187.453501
1710256187.453501
1710256187.555058
1710256187.555058
1710256187.654838
1710256187.654838
1710256187.754070
1710256187.754070
1710256187.855110
1710256187.855110
1710256187.953667
1710256187.953667
1710256188.051957
1710256188.051957
1710256188.152030
1710256188.152030
1710256188.252355
1710256188.252355
1710256188.351153
1710256188.351153
1710256188.452014
1710256188.452014
1710256188.551752
1710256188.551752
1710256188.651923
1710256188.651923
1710256188.750558
1710256188.750558
1710256188.849732
1710256188.849732
1710256188.953820
1710256188.953820
1710256189.049336
1710256189.049336
1710256189.151336
1710256189.151336
1710256189.249865
1710256189.249865
1710256189.351039
1710256189.351039
1710256189.449769
1710256189.449769
1710256189.552078
1710256189.552078
1710256189.648802
1710256189.648802
1710256189.749575
1710256189.749575
1710256189.850309
1710256189.850309
1710256189.947479
1710256189.947479
1710256190.047477
1710256190.047477
1710256190.146681
1710256190.146681
1710256190.247243
1710256190.247243
1710256190.346623
1710256190.346623
1710256190.446044
1710256190.446044
1710256190.545036
1710256190.545036
1710256190.646187
1710256190.646187
1710256190.745036
1710256190.745036
1710256190.845737
1710256190.845737
1710256190.944057
1710256190.944057
1710256191.044840
1710256191.044840
1710256191.146424
1710256191.146424
1710256191.244560
1710256191.244560
1710256191.350322
1710256191.350322
1710256191.446131
1710256191.446131
1710256191.543256
1710256191.543256
1710256191.644704
1710256191.644704
1710256191.743218
1710256191.743218
1710256191.842920
1710256191.842920
1710256191.944289
1710256191.944289
1710256192.041660
1710256192.041660
1710256192.140885
1710256192.140885
1710256192.242333
1710256192.242333
1710256192.345237
1710256192.345237
1710256192.443518
1710256192.443518
1710256192.543603
1710256192.543603
1710256192.644623
1710256192.644623
1710256192.741598
1710256192.741598
1710256192.843210
1710256192.843210
1710256192.944512
1710256192.944512
1710256193.039973
1710256193.039973
1710256193.145240
1710256193.145240
1710256193.240477
1710256193.240477
1710256193.340940
1710256193.340940
1710256193.440269
1710256193.440269
1710256193.541352
1710256193.541352
1710256193.641872
1710256193.641872
1710256193.741427
1710256193.741427
1710256193.839725
1710256193.839725
1710256193.941767
1710256193.941767
1710256194.040315
1710256194.040315
1710256194.139934
1710256194.139934
1710256194.240030
1710256194.240030
1710256194.340227
1710256194.340227
1710256194.439586
1710256194.439586
1710256194.540353
1710256194.540353
1710256194.638252
1710256194.638252
1710256194.738701
1710256194.738701
1710256194.837696
1710256194.837696
1710256194.937809
1710256194.937809
1710256195.037868
1710256195.037868
1710256195.137856
1710256195.137856
1710256195.238047
1710256195.238047
1710256195.337167
1710256195.337167
1710256195.436311
1710256195.436311
1710256195.536789
1710256195.536789
1710256195.636370
1710256195.636370
1710256195.736770
1710256195.736770
1710256195.835080
1710256195.835080
1710256195.935676
1710256195.935676
1710256196.036022
1710256196.036022
1710256196.135321
1710256196.135321
1710256196.236216
1710256196.236216
1710256196.333999
1710256196.333999
1710256196.433699
1710256196.433699
1710256196.537157
1710256196.537157
1710256196.633621
1710256196.633621
1710256196.731852
1710256196.731852
1710256196.835401
1710256196.835401
1710256196.934526
1710256196.934526
1710256197.033854
1710256197.033854
1710256197.131795
1710256197.131795
1710256197.232464
1710256197.232464
1710256197.332316
1710256197.332316
1710256197.431268
1710256197.431268
1710256197.530627
1710256197.530627
1710256197.630536
1710256197.630536
1710256197.730879
1710256197.730879
1710256197.830940
1710256197.830940
1710256197.931153
1710256197.931153
1710256198.031592
1710256198.031592
1710256198.129230
1710256198.129230
1710256198.229477
1710256198.229477
1710256198.329672
1710256198.329672
1710256198.429404
1710256198.429404
1710256198.528502
1710256198.528502
1710256198.629458
1710256198.629458
1710256198.729352
1710256198.729352
1710256198.829665
1710256198.829665
1710256198.929214
1710256198.929214
1710256199.029955
1710256199.029955
1710256199.128586
1710256199.128586
1710256199.228935
1710256199.228935
1710256199.327862
1710256199.327862
1710256199.433061
1710256199.433061
1710256199.527480
1710256199.527480
1710256199.625319
1710256199.625319
1710256199.725089
1710256199.725089
1710256199.825579
1710256199.825579
1710256199.925575
1710256199.925575
1710256200.027652
1710256200.027652
1710256200.125597
1710256200.125597
1710256200.227464
1710256200.227464
1710256200.325777
1710256200.325777
1710256200.423474
1710256200.423474
1710256200.524871
1710256200.524871
1710256200.623932
1710256200.623932
1710256200.722473
1710256200.722473
1710256200.824716
1710256200.824716
1710256200.921736
1710256200.921736
1710256201.021846
1710256201.021846
1710256201.121948
1710256201.121948
1710256201.220722
1710256201.220722
1710256201.321521
1710256201.321521
1710256201.423033
1710256201.423033
1710256201.521734
1710256201.521734
1710256201.621335
1710256201.621335
1710256201.720322
1710256201.720322
1710256201.823432
1710256201.823432
1710256201.922351
1710256201.922351
1710256202.019787
1710256202.019787
1710256202.121153
1710256202.121153
1710256202.222250
1710256202.222250
1710256202.319851
1710256202.319851
1710256202.417669
1710256202.417669
1710256202.519471
1710256202.519471
1710256202.617259
1710256202.617259
1710256202.717613
1710256202.717613
1710256202.820369
1710256202.820369
1710256202.916831
1710256202.916831
1710256203.019177
1710256203.019177
1710256203.118083
1710256203.118083
1710256203.218408
1710256203.218408
1710256203.317210
1710256203.317210
1710256203.417760
1710256203.417760
1710256203.516850
1710256203.516850
1710256203.617462
1710256203.617462
1710256203.717311
1710256203.717311
1710256203.816509
1710256203.816509
1710256203.916567
1710256203.916567
1710256204.016521
1710256204.016521
1710256204.116558
1710256204.116558
1710256204.215216
1710256204.215216
1710256204.315155
1710256204.315155
1710256204.415804
1710256204.415804
1710256204.515537
1710256204.515537
1710256204.616099
1710256204.616099
1710256204.716193
1710256204.716193
1710256204.817450
1710256204.817450
1710256204.915452
1710256204.915452
1710256205.014791
1710256205.014791
1710256205.113456
1710256205.113456
1710256205.215315
1710256205.215315
1710256205.314885
1710256205.314885
1710256205.413110
1710256205.413110
1710256205.514538
1710256205.514538
1710256205.614611
1710256205.614611
1710256205.713166
1710256205.713166
1710256205.814332
1710256205.814332
1710256205.915042
1710256205.915042
1710256206.013235
1710256206.013235
1710256206.111965
1710256206.111965
1710256206.210815
1710256206.210815
1710256206.310416
1710256206.310416
1710256206.411762
1710256206.411762
1710256206.512640
1710256206.512640
1710256206.611877
1710256206.611877
1710256206.710939
1710256206.710939
1710256206.813871
1710256206.813871
1710256206.910455
1710256206.910455
1710256207.013152
1710256207.013152
1710256207.110815
1710256207.110815
1710256207.210218
1710256207.210218
1710256207.310238
1710256207.310238
1710256207.409961
1710256207.409961
1710256207.511091
1710256207.511091
1710256207.612872
1710256207.612872
1710256207.710909
1710256207.710909
1710256207.808675
1710256207.808675
1710256207.909074
1710256207.909074
1710256208.009359
1710256208.009359
1710256208.109848
1710256208.109848
1710256208.208663
1710256208.208663
1710256208.310077
1710256208.310077
1710256208.411107
1710256208.411107
1710256208.508277
1710256208.508277
1710256208.610366
1710256208.610366
1710256208.708589
1710256208.708589
1710256208.807633
1710256208.807633
1710256208.910897
1710256208.910897
1710256209.006771
1710256209.006771
1710256209.109187
1710256209.109187
1710256209.207310
1710256209.207310
1710256209.306461
1710256209.306461
1710256209.406088
1710256209.406088
1710256209.507922
1710256209.507922
1710256209.606580
1710256209.606580
1710256209.706152
1710256209.706152
1710256209.808680
1710256209.808680
1710256209.910954
1710256209.910954
1710256210.006792
1710256210.006792
1710256210.106833
1710256210.106833
1710256210.207183
1710256210.207183
1710256210.307165
1710256210.307165
1710256210.404919
1710256210.404919
1710256210.507317
1710256210.507317
1710256210.604942
1710256210.604942
1710256210.707348
1710256210.707348
1710256210.804842
1710256210.804842
1710256210.906322
1710256210.906322
1710256211.004685
1710256211.004685
1710256211.104197
1710256211.104197
1710256211.205326
1710256211.205326
1710256211.304825
1710256211.304825
1710256211.408033
1710256211.408033
1710256211.505460
1710256211.505460
1710256211.604658
1710256211.604658
1710256211.703541
1710256211.703541
1710256211.804487
1710256211.804487
1710256211.910237
1710256211.910237
1710256212.003880
1710256212.003880
1710256212.104622
1710256212.104622
1710256212.202627
1710256212.202627
1710256212.303260
1710256212.303260
1710256212.403635
1710256212.403635
1710256212.503242
1710256212.503242
1710256212.601419
1710256212.601419
1710256212.702686
1710256212.702686
1710256212.804003
1710256212.804003
1710256212.905956
1710256212.905956
1710256213.003862
1710256213.003862
1710256213.105188
1710256213.105188
1710256213.202828
1710256213.202828
1710256213.301179
1710256213.301179
1710256213.403589
1710256213.403589
1710256213.501597
1710256213.501597
1710256213.600445
1710256213.600445
1710256213.700763
1710256213.700763
1710256213.801238
1710256213.801238
1710256213.900153
1710256213.900153
1710256214.000823
1710256214.000823
1710256214.099944
1710256214.099944
1710256214.201335
1710256214.201335
1710256214.301500
1710256214.301500
1710256214.404219
1710256214.404219
1710256214.498914
1710256214.498914
1710256214.598538
1710256214.598538
1710256214.698488
1710256214.698488
1710256214.799049
1710256214.799049
1710256214.899112
1710256214.899112
1710256214.998801
1710256214.998801
1710256215.099628
1710256215.099628
1710256215.198903
1710256215.198903
1710256215.299415
1710256215.299415
1710256215.399166
1710256215.399166
1710256215.499558
1710256215.499558
1710256215.599004
1710256215.599004
1710256215.698688
1710256215.698688
1710256215.797205
1710256215.797205
1710256215.898476
1710256215.898476
1710256215.998520
1710256215.998520
1710256216.098538
1710256216.098538
1710256216.198026
1710256216.198026
1710256216.299094
1710256216.299094
1710256216.396972
1710256216.396972
1710256216.497937
1710256216.497937
1710256216.595562
1710256216.595562
1710256216.698756
1710256216.698756
1710256216.800447
1710256216.800447
1710256216.895690
1710256216.895690
1710256216.995231
1710256216.995231
1710256217.094265
1710256217.094265
1710256217.194758
1710256217.194758
1710256217.295407
1710256217.295407
1710256217.404239
1710256217.404239
1710256217.495878
1710256217.495878
1710256217.596252
1710256217.596252
1710256217.696561
1710256217.696561
1710256217.796123
1710256217.796123
1710256217.894675
1710256217.894675
1710256217.994368
1710256217.994368
1710256218.092795
1710256218.092795
1710256218.192646
1710256218.192646
1710256218.292923
1710256218.292923
1710256218.394228
1710256218.394228
1710256218.491690
1710256218.491690
1710256218.592271
1710256218.592271
1710256218.691893
1710256218.691893
1710256218.790283
1710256218.790283
1710256218.890238
1710256218.890238
1710256218.990367
1710256218.990367
1710256219.090233
1710256219.090233
1710256219.190257
1710256219.190257
1710256219.290082
1710256219.290082
1710256219.388187
1710256219.388187
1710256219.488750
1710256219.488750
1710256219.588603
1710256219.588603
1710256219.687255
1710256219.687255
1710256219.788002
1710256219.788002
1710256219.888128
1710256219.888128
1710256219.987392
1710256219.987392
1710256220.086380
1710256220.086380
1710256220.186152
1710256220.186152
1710256220.285991
1710256220.285991
1710256220.386841
1710256220.386841
1710256220.488256
1710256220.488256
1710256220.585462
1710256220.585462
1710256220.686665
1710256220.686665
1710256220.786599
1710256220.786599
1710256220.884581
1710256220.884581
1710256220.985026
1710256220.985026
1710256221.083779
1710256221.083779
1710256221.185549
1710256221.185549
1710256221.285079
1710256221.285079
1710256221.385188
1710256221.385188
1710256221.483223
1710256221.483223
1710256221.583739
1710256221.583739
1710256221.683534
1710256221.683534
1710256221.784965
1710256221.784965
1710256221.884320
1710256221.884320
1710256221.982628
1710256221.982628
1710256222.083249
1710256222.083249
1710256222.183030
1710256222.183030
1710256222.282069
1710256222.282069
1710256222.382851
1710256222.382851
1710256222.483614
1710256222.483614
1710256222.584971
1710256222.584971
1710256222.682166
1710256222.682166
1710256222.784195
1710256222.784195
1710256222.882339
1710256222.882339
1710256222.980142
1710256222.980142
1710256223.080791
1710256223.080791
1710256223.180304
1710256223.180304
1710256223.279145
1710256223.279145
1710256223.379210
1710256223.379210
1710256223.479561
1710256223.479561
1710256223.586072
1710256223.586072
1710256223.678844
1710256223.678844
1710256223.778010
1710256223.778010
1710256223.879673
1710256223.879673
1710256223.978039
1710256223.978039
1710256224.078182
1710256224.078182
1710256224.178213
1710256224.178213
1710256224.279396
1710256224.279396
1710256224.377302
1710256224.377302
1710256224.476356
1710256224.476356
1710256224.577127
1710256224.577127
1710256224.676889
1710256224.676889
1710256224.777421
1710256224.777421
1710256224.877610
1710256224.877610
1710256224.976318
1710256224.976318
1710256225.077254
1710256225.077254
1710256225.177593
1710256225.177593
1710256225.276394
1710256225.276394
1710256225.375677
1710256225.375677
1710256225.477262
1710256225.477262
1710256225.574929
1710256225.574929
1710256225.675037
1710256225.675037
1710256225.777240
1710256225.777240
1710256225.874221
1710256225.874221
1710256225.974937
1710256225.974937
1710256226.072273
1710256226.072273
1710256226.173808
1710256226.173808
1710256226.274161
1710256226.274161
1710256226.375841
1710256226.375841
1710256226.474771
1710256226.474771
1710256226.574187
1710256226.574187
1710256226.674547
1710256226.674547
1710256226.772504
1710256226.772504
1710256226.873481
1710256226.873481
1710256226.979652
1710256226.979652
1710256227.072661
1710256227.072661
1710256227.173823
1710256227.173823
1710256227.273406
1710256227.273406
1710256227.371451
1710256227.371451
1710256227.471723
1710256227.471723
1710256227.575955
1710256227.575955
1710256227.671963
1710256227.671963
1710256227.772584
1710256227.772584
1710256227.870561
1710256227.870561
1710256227.970879
1710256227.970879
1710256228.070404
1710256228.070404
1710256228.172500
1710256228.172500
1710256228.269425
1710256228.269425
1710256228.369331
1710256228.369331
1710256228.468725
1710256228.468725
1710256228.568586
1710256228.568586
1710256228.669875
1710256228.669875
1710256228.768567
1710256228.768567
1710256228.867772
1710256228.867772
1710256228.970667
1710256228.970667
1710256229.067109
1710256229.067109
1710256229.169325
1710256229.169325
1710256229.267402
1710256229.267402
1710256229.369520
1710256229.369520
1710256229.468784
1710256229.468784
1710256229.568532
1710256229.568532
1710256229.668123
1710256229.668123
1710256229.766879
1710256229.766879
1710256229.869779
1710256229.869779
1710256229.968435
1710256229.968435
1710256230.065914
1710256230.065914
1710256230.164434
1710256230.164434
1710256230.265889
1710256230.265889
1710256230.366173
1710256230.366173
1710256230.466026
1710256230.466026
1710256230.566558
1710256230.566558
1710256230.665631
1710256230.665631
1710256230.766225
1710256230.766225
1710256230.866657
1710256230.866657
1710256230.964548
1710256230.964548
1710256231.065485
1710256231.065485
1710256231.164769
1710256231.164769
1710256231.265376
1710256231.265376
1710256231.364808
1710256231.364808
1710256231.467886
1710256231.467886
1710256231.565937
1710256231.565937
1710256231.665736
1710256231.665736
1710256231.763983
1710256231.763983
1710256231.864895
1710256231.864895
1710256231.963979
1710256231.963979
1710256232.062805
1710256232.062805
1710256232.162685
1710256232.162685
1710256232.262434
1710256232.262434
1710256232.363492
1710256232.363492
1710256232.462900
1710256232.462900
1710256232.563003
1710256232.563003
1710256232.663545
1710256232.663545
1710256232.763859
1710256232.763859
1710256232.863164
1710256232.863164
1710256232.962391
1710256232.962391
1710256233.062397
1710256233.062397
1710256233.164121
1710256233.164121
1710256233.270519
1710256233.270519
1710256233.363554
1710256233.363554
1710256233.462871
1710256233.462871
1710256233.564099
1710256233.564099
1710256233.663372
1710256233.663372
1710256233.764135
1710256233.764135
1710256233.862473
1710256233.862473
1710256233.962957
1710256233.962957
1710256234.060723
1710256234.060723
1710256234.165048
1710256234.165048
1710256234.260798
1710256234.260798
1710256234.361277
1710256234.361277
1710256234.460840
1710256234.460840
1710256234.561916
1710256234.561916
1710256234.660741
1710256234.660741
1710256234.762555
1710256234.762555
1710256234.860578
1710256234.860578
1710256234.959195
1710256234.959195
1710256235.059802
1710256235.059802
1710256235.160003
1710256235.160003
1710256235.262251
1710256235.262251
1710256235.365985
1710256235.365985
1710256235.459005
1710256235.459005
1710256235.561462
1710256235.561462
1710256235.660168
1710256235.660168
1710256235.759626
1710256235.759626
1710256235.859756
1710256235.859756
1710256235.961186
1710256235.961186
1710256236.059898
1710256236.059898
1710256236.158893
1710256236.158893
1710256236.260164
1710256236.260164
1710256236.359030
1710256236.359030
1710256236.458647
1710256236.458647
1710256236.559637
1710256236.559637
1710256236.657237
1710256236.657237
1710256236.757967
1710256236.757967
1710256236.857212
1710256236.857212
1710256236.957414
1710256236.957414
1710256237.060932
1710256237.060932
1710256237.159882
1710256237.159882
1710256237.258332
1710256237.258332
1710256237.357130
1710256237.357130
1710256237.455141
1710256237.455141
1710256237.558381
1710256237.558381
1710256237.657425
1710256237.657425
1710256237.757367
1710256237.757367
1710256237.856307
1710256237.856307
1710256237.957580
1710256237.957580
1710256238.056790
1710256238.056790
1710256238.157518
1710256238.157518
1710256238.258478
1710256238.258478
1710256238.358313
1710256238.358313
1710256238.456152
1710256238.456152
1710256238.559298
1710256238.559298
1710256238.658848
1710256238.658848
1710256238.756380
1710256238.756380
1710256238.855515
1710256238.855515
1710256238.956486
1710256238.956486
1710256239.054951
1710256239.054951
1710256239.156307
1710256239.156307
1710256239.256177
1710256239.256177
1710256239.356977
1710256239.356977
1710256239.455394
1710256239.455394
1710256239.555028
1710256239.555028
1710256239.654696
1710256239.654696
1710256239.756199
1710256239.756199
1710256239.853897
1710256239.853897
1710256239.955155
1710256239.955155
1710256240.059131
1710256240.059131
1710256240.153600
1710256240.153600
1710256240.254188
1710256240.254188
1710256240.353718
1710256240.353718
1710256240.453350
1710256240.453350
1710256240.555673
1710256240.555673
1710256240.653185
1710256240.653185
1710256240.755047
1710256240.755047
1710256240.853895
1710256240.853895
1710256240.952363
1710256240.952363
1710256241.053966
1710256241.053966
1710256241.152412
1710256241.152412
1710256241.255856
1710256241.255856
1710256241.355429
1710256241.355429
1710256241.452574
1710256241.452574
1710256241.552378
1710256241.552378
1710256241.653064
1710256241.653064
1710256241.751021
1710256241.751021
1710256241.851701
1710256241.851701
1710256241.954046
1710256241.954046
1710256242.050692
1710256242.050692
1710256242.151019
1710256242.151019
1710256242.249900
1710256242.249900
1710256242.350226
1710256242.350226
1710256242.450517
1710256242.450517
1710256242.549547
1710256242.549547
1710256242.648586
1710256242.648586
1710256242.750407
1710256242.750407
1710256242.851106
1710256242.851106
1710256242.948501
1710256242.948501
1710256243.050610
1710256243.050610
1710256243.147873
1710256243.147873
1710256243.248917
1710256243.248917
1710256243.349560
1710256243.349560
1710256243.449005
1710256243.449005
1710256243.549688
1710256243.549688
1710256243.651205
1710256243.651205
1710256243.749247
1710256243.749247
1710256243.848574
1710256243.848574
1710256243.947860
1710256243.947860
1710256244.048512
1710256244.048512
1710256244.149643
1710256244.149643
1710256244.249752
1710256244.249752
1710256244.347851
1710256244.347851
1710256244.448223
1710256244.448223
1710256244.548495
1710256244.548495
1710256244.647600
1710256244.647600
1710256244.748998
1710256244.748998
1710256244.847605
1710256244.847605
1710256244.949619
1710256244.949619
1710256245.047993
1710256245.047993
1710256245.148263
1710256245.148263
1710256245.248050
1710256245.248050
1710256245.346361
1710256245.346361
1710256245.447655
1710256245.447655
1710256245.550663
1710256245.550663
1710256245.647984
1710256245.647984
1710256245.749074
1710256245.749074
1710256245.856100
1710256245.856100
1710256245.946074
1710256245.946074
1710256246.046268
1710256246.046268
1710256246.145492
1710256246.145492
1710256246.245534
1710256246.245534
1710256246.347364
1710256246.347364
1710256246.444231
1710256246.444231
1710256246.546581
1710256246.546581
1710256246.645630
1710256246.645630
1710256246.749583
1710256246.749583
1710256246.845252
1710256246.845252
1710256246.944188
1710256246.944188
1710256247.044678
1710256247.044678
1710256247.145951
1710256247.145951
1710256247.243953
1710256247.243953
1710256247.342908
1710256247.342908
1710256247.443881
1710256247.443881
1710256247.542215
1710256247.542215
1710256247.641468
1710256247.641468
1710256247.741290
1710256247.741290
1710256247.843764
1710256247.843764
1710256247.940441
1710256247.940441
1710256248.040745
1710256248.040745
1710256248.143826
1710256248.143826
1710256248.239193
1710256248.239193
1710256248.341563
1710256248.341563
1710256248.438397
1710256248.438397
1710256248.540304
1710256248.540304
1710256248.641306
1710256248.641306
1710256248.738724
1710256248.738724
1710256248.843202
1710256248.843202
1710256248.939059
1710256248.939059
1710256249.039140
1710256249.039140
1710256249.137995
1710256249.137995
1710256249.241435
1710256249.241435
1710256249.338157
1710256249.338157
1710256249.438294
1710256249.438294
1710256249.536239
1710256249.536239
1710256249.636824
1710256249.636824
1710256249.739208
1710256249.739208
1710256249.836427
1710256249.836427
1710256249.936087
1710256249.936087
1710256250.036963
1710256250.036963
1710256250.137167
1710256250.137167
1710256250.237335
1710256250.237335
1710256250.335928
1710256250.335928
1710256250.435584
1710256250.435584
1710256250.537039
1710256250.537039
1710256250.637982
1710256250.637982
1710256250.736443
1710256250.736443
1710256250.834481
1710256250.834481
1710256250.933564
1710256250.933564
1710256251.035624
1710256251.035624
1710256251.135088
1710256251.135088
1710256251.233733
1710256251.233733
1710256251.335968
1710256251.335968
1710256251.434324
1710256251.434324
1710256251.532847
1710256251.532847
1710256251.632428
1710256251.632428
1710256251.734211
1710256251.734211
1710256251.833354
1710256251.833354
1710256251.932038
1710256251.932038
1710256252.032345
1710256252.032345
1710256252.131685
1710256252.131685
1710256252.232697
1710256252.232697
1710256252.331430
1710256252.331430
1710256252.431684
1710256252.431684
1710256252.533195
1710256252.533195
1710256252.632067
1710256252.632067
1710256252.732026
1710256252.732026
1710256252.832548
1710256252.832548
1710256252.930764
1710256252.930764
1710256253.030555
1710256253.030555
1710256253.132076
1710256253.132076
1710256253.230659
1710256253.230659
1710256253.330832
1710256253.330832
1710256253.430871
1710256253.430871
1710256253.530693
1710256253.530693
1710256253.630339
1710256253.630339
1710256253.730366
1710256253.730366
1710256253.832298
1710256253.832298
1710256253.930446
1710256253.930446
1710256254.029476
1710256254.029476
1710256254.130777
1710256254.130777
1710256254.234048
1710256254.234048
1710256254.330414
1710256254.330414
1710256254.430094
1710256254.430094
1710256254.530826
1710256254.530826
1710256254.629551
1710256254.629551
1710256254.729490
1710256254.729490
1710256254.827441
1710256254.827441
1710256254.929544
1710256254.929544
1710256255.027844
1710256255.027844
1710256255.130063
1710256255.130063
1710256255.227020
1710256255.227020
1710256255.327918
1710256255.327918
1710256255.427767
1710256255.427767
1710256255.527184
1710256255.527184
1710256255.627939
1710256255.627939
1710256255.726264
1710256255.726264
1710256255.826927
1710256255.826927
1710256255.927356
1710256255.927356
1710256256.027910
1710256256.027910
1710256256.126909
1710256256.126909
1710256256.227415
1710256256.227415
1710256256.326034
1710256256.326034
1710256256.426004
1710256256.426004
1710256256.526073
1710256256.526073
1710256256.625941
1710256256.625941
1710256256.725721
1710256256.725721
1710256256.825341
1710256256.825341
1710256256.924234
1710256256.924234
1710256257.024538
1710256257.024538
1710256257.124319
1710256257.124319
1710256257.225058
1710256257.225058
1710256257.325766
1710256257.325766
1710256257.424587
1710256257.424587
1710256257.526836
1710256257.526836
1710256257.624786
1710256257.624786
1710256257.722810
1710256257.722810
1710256257.825876
1710256257.825876
1710256257.921141
1710256257.921141
1710256258.020698
1710256258.020698
1710256258.119738
1710256258.119738
1710256258.219084
1710256258.219084
1710256258.319283
1710256258.319283
1710256258.417659
1710256258.417659
1710256258.518611
1710256258.518611
1710256258.617283
1710256258.617283
1710256258.717853
1710256258.717853
1710256258.817429
1710256258.817429
1710256258.917443
1710256258.917443
1710256259.016926
1710256259.016926
1710256259.117975
1710256259.117975
1710256259.216368
1710256259.216368
1710256259.316934
1710256259.316934
1710256259.419526
1710256259.419526
1710256259.519112
1710256259.519112
1710256259.616807
1710256259.616807
1710256259.721516
1710256259.721516
1710256259.817364
1710256259.817364
1710256259.917410
1710256259.917410
1710256260.017243
1710256260.017243
1710256260.116724
1710256260.116724
1710256260.217583
1710256260.217583
1710256260.316286
1710256260.316286
1710256260.415539
1710256260.415539
1710256260.516192
1710256260.516192
1710256260.618214
1710256260.618214
1710256260.717576
1710256260.717576
1710256260.816798
1710256260.816798
1710256260.917243
1710256260.917243
1710256261.015482
1710256261.015482
1710256261.114702
1710256261.114702
1710256261.216541
1710256261.216541
1710256261.314779
1710256261.314779
1710256261.417054
1710256261.417054
1710256261.515470
1710256261.515470
1710256261.614952
1710256261.614952
1710256261.715020
1710256261.715020
1710256261.814387
1710256261.814387
1710256261.914985
1710256261.914985
1710256262.014626
1710256262.014626
1710256262.114567
1710256262.114567
1710256262.217219
1710256262.217219
1710256262.314986
1710256262.314986
1710256262.414881
1710256262.414881
1710256262.514569
1710256262.514569
1710256262.617999
1710256262.617999
1710256262.715794
1710256262.715794
1710256262.815956
1710256262.815956
1710256262.914618
1710256262.914618
1710256263.014374
1710256263.014374
1710256263.115532
1710256263.115532
1710256263.213902
1710256263.213902
1710256263.312830
1710256263.312830
1710256263.414050
1710256263.414050
1710256263.512030
1710256263.512030
1710256263.612711
1710256263.612711
1710256263.711920
1710256263.711920
1710256263.811661
1710256263.811661
1710256263.912324
1710256263.912324
1710256264.013328
1710256264.013328
1710256264.111886
1710256264.111886
1710256264.214306
1710256264.214306
1710256264.312111
1710256264.312111
1710256264.410135
1710256264.410135
1710256264.511992
1710256264.511992
1710256264.612409
1710256264.612409
1710256264.712302
1710256264.712302
1710256264.814023
1710256264.814023
1710256264.911130
1710256264.911130
1710256265.010325
1710256265.010325
1710256265.110557
1710256265.110557
1710256265.211053
1710256265.211053
1710256265.311358
1710256265.311358
1710256265.410917
1710256265.410917
1710256265.512187
1710256265.512187
1710256265.612118
1710256265.612118
1710256265.710615
1710256265.710615
1710256265.809861
1710256265.809861
1710256265.911565
1710256265.911565
1710256266.010053
1710256266.010053
1710256266.110077
1710256266.110077
1710256266.210000
1710256266.210000
1710256266.309621
1710256266.309621
1710256266.409980
1710256266.409980
1710256266.512469
1710256266.512469
1710256266.610448
1710256266.610448
1710256266.711309
1710256266.711309
1710256266.812084
1710256266.812084
1710256266.907460
1710256266.907460
1710256267.011955
1710256267.011955
1710256267.108545
1710256267.108545
1710256267.208433
1710256267.208433
1710256267.307518
1710256267.307518
1710256267.410753
1710256267.410753
1710256267.507636
1710256267.507636
1710256267.610259
1710256267.610259
1710256267.706493
1710256267.706493
1710256267.806952
1710256267.806952
1710256267.906950
1710256267.906950
1710256268.008029
1710256268.008029
1710256268.107890
1710256268.107890
1710256268.207363
1710256268.207363
1710256268.311601
1710256268.311601
1710256268.407031
1710256268.407031
1710256268.505406
1710256268.505406
1710256268.609991
1710256268.609991
1710256268.707654
1710256268.707654
1710256268.810786
1710256268.810786
1710256268.905946
1710256268.905946
1710256269.006077
1710256269.006077
1710256269.106227
1710256269.106227
1710256269.210260
1710256269.210260
1710256269.305949
1710256269.305949
1710256269.405690
1710256269.405690
1710256269.505894
1710256269.505894
1710256269.604507
1710256269.604507
1710256269.704968
1710256269.704968
1710256269.804729
1710256269.804729
1710256269.910678
1710256269.910678
1710256270.005962
1710256270.005962
1710256270.103684
1710256270.103684
1710256270.204606
1710256270.204606
1710256270.305738
1710256270.305738
1710256270.405362
1710256270.405362
1710256270.503252
1710256270.503252
1710256270.603811
1710256270.603811
1710256270.706704
1710256270.706704
1710256270.803383
1710256270.803383
1710256270.904197
1710256270.904197
1710256271.003002
1710256271.003002
1710256271.102188
1710256271.102188
1710256271.205803
1710256271.205803
1710256271.301440
1710256271.301440
1710256271.400005
1710256271.400005
1710256271.499802
1710256271.499802
1710256271.600843
1710256271.600843
1710256271.700695
1710256271.700695
1710256271.800331
1710256271.800331
1710256271.900841
1710256271.900841
1710256272.000121
1710256272.000121
1710256272.099316
1710256272.099316
1710256272.199819
1710256272.199819
1710256272.300080
1710256272.300080
1710256272.399743
1710256272.399743
1710256272.498159
1710256272.498159
1710256272.600397
1710256272.600397
1710256272.699307
1710256272.699307
1710256272.799277
1710256272.799277
1710256272.900821
1710256272.900821
1710256272.998705
1710256272.998705
1710256273.098781
1710256273.098781
1710256273.199549
1710256273.199549
1710256273.299269
1710256273.299269
1710256273.400553
1710256273.400553
1710256273.498634
1710256273.498634
1710256273.599849
1710256273.599849
1710256273.698887
1710256273.698887
1710256273.798004
1710256273.798004
1710256273.896897
1710256273.896897
1710256273.998722
1710256273.998722
1710256274.099663
1710256274.099663
1710256274.198937
1710256274.198937
1710256274.298366
1710256274.298366
1710256274.396816
1710256274.396816
1710256274.496944
1710256274.496944
1710256274.596495
1710256274.596495
1710256274.697839
1710256274.697839
1710256274.795999
1710256274.795999
1710256274.897408
1710256274.897408
1710256274.995153
1710256274.995153
1710256275.096489
1710256275.096489
1710256275.194941
1710256275.194941
1710256275.296039
1710256275.296039
1710256275.395445
1710256275.395445
1710256275.495731
1710256275.495731
1710256275.596297
1710256275.596297
1710256275.694068
1710256275.694068
1710256275.793661
1710256275.793661
1710256275.895480
1710256275.895480
1710256275.994750
1710256275.994750
1710256276.095441
1710256276.095441
1710256276.194342
1710256276.194342
1710256276.295914
1710256276.295914
1710256276.392763
1710256276.392763
1710256276.493036
1710256276.493036
1710256276.593880
1710256276.593880
1710256276.700554
1710256276.700554
1710256276.792990
1710256276.792990
1710256276.891820
1710256276.891820
1710256276.991847
1710256276.991847
1710256277.093084
1710256277.093084
1710256277.191754
1710256277.191754
1710256277.292988
1710256277.292988
1710256277.393373
1710256277.393373
1710256277.492229
1710256277.492229
1710256277.591952
1710256277.591952
1710256277.691915
1710256277.691915
1710256277.792452
1710256277.792452
1710256277.890192
1710256277.890192
1710256277.990530
1710256277.990530
1710256278.090154
1710256278.090154
1710256278.190867
1710256278.190867
1710256278.291891
1710256278.291891
1710256278.390432
1710256278.390432
1710256278.490780
1710256278.490780
1710256278.590294
1710256278.590294
1710256278.690165
1710256278.690165
1710256278.789555
1710256278.789555
1710256278.893735
1710256278.893735
1710256278.989848
1710256278.989848
1710256279.088595
1710256279.088595
1710256279.188950
1710256279.188950
1710256279.291107
1710256279.291107
1710256279.387686
1710256279.387686
1710256279.488155
1710256279.488155
1710256279.590040
1710256279.590040
1710256279.687515
1710256279.687515
1710256279.788526
1710256279.788526
1710256279.888707
1710256279.888707
1710256279.988955
1710256279.988955
1710256280.088025
1710256280.088025
1710256280.188455
1710256280.188455
1710256280.287086
1710256280.287086
1710256280.387825
1710256280.387825
1710256280.489426
1710256280.489426
1710256280.586866
1710256280.586866
1710256280.689750
1710256280.689750
1710256280.786634
1710256280.786634
1710256280.886906
1710256280.886906
1710256280.988181
1710256280.988181
1710256281.086106
1710256281.086106
1710256281.188069
1710256281.188069
1710256281.287058
1710256281.287058
1710256281.386755
1710256281.386755
1710256281.486879
1710256281.486879
1710256281.586125
1710256281.586125
1710256281.686735
1710256281.686735
1710256281.787307
1710256281.787307
1710256281.886348
1710256281.886348
1710256281.985830
1710256281.985830
1710256282.087086
1710256282.087086
1710256282.187786
1710256282.187786
1710256282.285087
1710256282.285087
1710256282.387463
1710256282.387463
1710256282.484825
1710256282.484825
1710256282.585846
1710256282.585846
1710256282.684909
1710256282.684909
1710256282.785734
1710256282.785734
1710256282.884988
1710256282.884988
1710256282.983890
1710256282.983890
1710256283.085533
1710256283.085533
1710256283.185396
1710256283.185396
1710256283.284574
1710256283.284574
1710256283.386820
1710256283.386820
1710256283.484730
1710256283.484730
1710256283.585025
1710256283.585025
1710256283.685238
1710256283.685238
1710256283.785652
1710256283.785652
1710256283.885384
1710256283.885384
1710256283.984473
1710256283.984473
1710256284.083429
1710256284.083429
1710256284.186088
1710256284.186088
1710256284.284427
1710256284.284427
1710256284.384029
1710256284.384029
1710256284.484519
1710256284.484519
1710256284.584309
1710256284.584309
1710256284.684840
1710256284.684840
1710256284.781601
1710256284.781601
1710256284.882454
1710256284.882454
1710256284.983185
1710256284.983185
1710256285.083108
1710256285.083108
1710256285.182283
1710256285.182283
1710256285.285736
1710256285.285736
1710256285.382794
1710256285.382794
1710256285.482202
1710256285.482202
1710256285.581413
1710256285.581413
1710256285.681486
1710256285.681486
1710256285.782221
1710256285.782221
1710256285.880158
1710256285.880158
1710256285.980137
1710256285.980137
1710256286.080099
1710256286.080099
1710256286.182165
1710256286.182165
1710256286.280258
1710256286.280258
1710256286.380306
1710256286.380306
1710256286.481420
1710256286.481420
1710256286.579956
1710256286.579956
1710256286.680288
1710256286.680288
1710256286.780312
1710256286.780312
1710256286.879364
1710256286.879364
1710256286.979425
1710256286.979425
1710256287.080407
1710256287.080407
1710256287.179703
1710256287.179703
1710256287.279727
1710256287.279727
1710256287.380210
1710256287.380210
1710256287.478799
1710256287.478799
1710256287.579172
1710256287.579172
1710256287.679163
1710256287.679163
1710256287.782822
1710256287.782822
1710256287.879682
1710256287.879682
1710256287.976863
1710256287.976863
1710256288.076920
1710256288.076920
1710256288.176266
1710256288.176266
1710256288.278097
1710256288.278097
1710256288.377996
1710256288.377996
1710256288.479772
1710256288.479772
1710256288.578393
1710256288.578393
1710256288.676563
1710256288.676563
1710256288.776626
1710256288.776626
1710256288.875592
1710256288.875592
1710256288.977751
1710256288.977751
1710256289.077827
1710256289.077827
1710256289.174074
1710256289.174074
1710256289.273057
1710256289.273057
1710256289.370580
1710256289.370580
1710256289.470627
1710256289.470627
1710256289.569652
1710256289.569652
1710256289.670439
1710256289.670439
1710256289.769463
1710256289.769463
1710256289.869319
1710256289.869319
1710256289.968173
1710256289.968173
1710256290.066823
1710256290.066823
1710256290.169683
1710256290.169683
1710256290.266245
1710256290.266245
1710256290.365580
1710256290.365580
1710256290.464222
1710256290.464222
1710256290.564326
1710256290.564326
1710256290.663800
1710256290.663800
1710256290.765807
1710256290.765807
1710256290.864476
1710256290.864476
1710256290.963958
1710256290.963958
1710256291.065241
1710256291.065241
1710256291.163754
1710256291.163754
1710256291.264801
1710256291.264801
1710256291.363204
1710256291.363204
1710256291.464348
1710256291.464348
1710256291.564957
1710256291.564957
1710256291.663471
1710256291.663471
1710256291.762534
1710256291.762534
1710256291.863269
1710256291.863269
1710256291.963350
1710256291.963350
1710256292.062276
1710256292.062276
1710256292.163288
1710256292.163288
1710256292.261153
1710256292.261153
1710256292.362507
1710256292.362507
1710256292.462780
1710256292.462780
1710256292.560680
1710256292.560680
1710256292.661470
1710256292.661470
1710256292.769584
1710256292.769584
1710256292.863671
1710256292.863671
1710256292.960271
1710256292.960271
1710256293.061011
1710256293.061011
1710256293.159167
1710256293.159167
1710256293.260295
1710256293.260295
1710256293.360358
1710256293.360358
1710256293.460475
1710256293.460475
1710256293.559743
1710256293.559743
1710256293.658462
1710256293.658462
1710256293.760974
1710256293.760974
1710256293.857222
1710256293.857222
1710256293.957722
1710256293.957722
1710256294.056853
1710256294.056853
1710256294.157125
1710256294.157125
1710256294.256585
1710256294.256585
1710256294.358005
1710256294.358005
1710256294.456953
1710256294.456953
1710256294.556169
1710256294.556169
1710256294.655689
1710256294.655689
1710256294.754035
1710256294.754035
1710256294.854188
1710256294.854188
1710256294.952622
1710256294.952622
1710256295.052769
1710256295.052769
1710256295.151795
1710256295.151795
1710256295.252462
1710256295.252462
1710256295.350676
1710256295.350676
1710256295.450603
1710256295.450603
1710256295.549061
1710256295.549061
1710256295.650714
1710256295.650714
1710256295.749786
1710256295.749786
1710256295.853457
1710256295.853457
1710256295.950041
1710256295.950041
1710256296.050400
1710256296.050400
1710256296.148935
1710256296.148935
1710256296.247370
1710256296.247370
1710256296.346936
1710256296.346936
1710256296.449287
1710256296.449287
1710256296.548707
1710256296.548707
1710256296.646618
1710256296.646618
1710256296.745158
1710256296.745158
1710256296.847745
1710256296.847745
1710256296.944794
1710256296.944794
1710256297.054599
1710256297.054599
1710256297.145500
1710256297.145500
1710256297.243433
1710256297.243433
1710256297.345698
1710256297.345698
1710256297.444985
1710256297.444985
1710256297.542980
1710256297.542980
1710256297.646182
1710256297.646182
1710256297.743249
1710256297.743249
1710256297.842435
1710256297.842435
1710256297.943815
1710256297.943815
1710256298.044283
1710256298.044283
1710256298.144962
1710256298.144962
1710256298.257542
1710256298.257542
1710256298.342829
1710256298.342829
1710256298.441247
1710256298.441247
1710256298.540165
1710256298.540165
1710256298.639416
1710256298.639416
1710256298.739470
1710256298.739470
1710256298.837844
1710256298.837844
1710256298.938824
1710256298.938824
1710256299.040539
1710256299.040539
1710256299.139367
1710256299.139367
1710256299.240059
1710256299.240059
1710256299.337685
1710256299.337685
1710256299.437981
1710256299.437981
1710256299.539358
1710256299.539358
1710256299.636649
1710256299.636649
1710256299.737962
1710256299.737962
1710256299.836695
1710256299.836695
1710256299.935363
1710256299.935363
1710256300.036104
1710256300.036104
1710256300.133830
1710256300.133830
1710256300.234838
1710256300.234838
1710256300.333988
1710256300.333988
1710256300.437635
1710256300.437635
1710256300.533620
1710256300.533620
1710256300.631506
1710256300.631506
1710256300.731060
1710256300.731060
1710256300.833062
1710256300.833062
1710256300.931872
1710256300.931872
1710256301.030913
1710256301.030913
1710256301.131984
1710256301.131984
1710256301.230722
1710256301.230722
1710256301.331897
1710256301.331897
1710256301.432058
1710256301.432058
1710256301.538155
1710256301.538155
1710256301.630604
1710256301.630604
1710256301.731812
1710256301.731812
1710256301.830355
1710256301.830355
1710256301.931973
1710256301.931973
1710256302.031276
1710256302.031276
1710256302.130291
1710256302.130291
1710256302.229359
1710256302.229359
1710256302.329509
1710256302.329509
1710256302.428189
1710256302.428189
1710256302.529538
1710256302.529538
1710256302.628757
1710256302.628757
1710256302.727374
1710256302.727374
1710256302.827552
1710256302.827552
1710256302.928289
1710256302.928289
1710256303.027937
1710256303.027937
1710256303.128626
1710256303.128626
1710256303.226300
1710256303.226300
1710256303.326439
1710256303.326439
1710256303.425574
1710256303.425574
1710256303.523256
1710256303.523256
1710256303.624180
1710256303.624180
1710256303.722770
1710256303.722770
1710256303.822306
1710256303.822306
1710256303.923890
1710256303.923890
1710256304.022931
1710256304.022931
1710256304.118972
1710256304.118972
1710256304.217207
1710256304.217207
1710256304.317206
1710256304.317206
1710256304.415163
1710256304.415163
1710256304.520091
1710256304.520091
1710256304.615994
1710256304.615994
1710256304.715309
1710256304.715309
1710256304.814236
1710256304.814236
1710256304.913575
1710256304.913575
1710256305.012901
1710256305.012901
1710256305.112525
1710256305.112525
1710256305.212202
1710256305.212202
1710256305.310517
1710256305.310517
1710256305.410099
1710256305.410099
1710256305.512064
1710256305.512064
1710256305.610259
1710256305.610259
1710256305.709718
1710256305.709718
1710256305.807481
1710256305.807481
1710256305.906774
1710256305.906774
1710256306.005921
1710256306.005921
1710256306.105937
1710256306.105937
1710256306.203338
1710256306.203338
1710256306.302118
1710256306.302118
1710256306.403615
1710256306.403615
1710256306.499923
1710256306.499923
1710256306.604061
1710256306.604061
1710256306.699900
1710256306.699900
1710256306.800483
1710256306.800483
1710256306.899272
1710256306.899272
1710256306.999295
1710256306.999295
1710256307.102475
1710256307.102475
1710256307.198669
1710256307.198669
1710256307.297768
1710256307.297768
1710256307.399649
1710256307.399649
1710256307.498841
1710256307.498841
1710256307.598109
1710256307.598109
1710256307.699200
1710256307.699200
1710256307.798996
1710256307.798996
1710256307.896986
1710256307.896986
1710256307.997355
1710256307.997355
1710256308.101749
1710256308.101749
1710256308.197155
1710256308.197155
1710256308.295376
1710256308.295376
1710256308.392330
1710256308.392330
1710256308.493942
1710256308.493942
1710256308.591600
1710256308.591600
1710256308.694837
1710256308.694837
1710256308.793017
1710256308.793017
1710256308.891064
1710256308.891064
1710256308.994066
1710256308.994066
1710256309.089952
1710256309.089952
1710256309.188567
1710256309.188567
1710256309.290523
1710256309.290523
1710256309.389344
1710256309.389344
1710256309.488950
1710256309.488950
1710256309.588554
1710256309.588554
1710256309.689678
1710256309.689678
1710256309.787874
1710256309.787874
1710256309.887714
1710256309.887714
1710256309.986432
1710256309.986432
1710256310.084980
1710256310.084980
1710256310.186129
1710256310.186129
1710256310.285052
1710256310.285052
1710256310.385721
1710256310.385721
1710256310.481977
1710256310.481977
1710256310.581178
1710256310.581178
1710256310.680404
1710256310.680404
1710256310.778692
1710256310.778692
1710256310.878866
1710256310.878866
1710256310.978843
1710256310.978843
1710256311.081910
1710256311.081910
1710256311.179312
1710256311.179312
1710256311.279386
1710256311.279386
1710256311.379611
1710256311.379611
1710256311.479848
1710256311.479848
1710256311.578205
1710256311.578205
1710256311.676596
1710256311.676596
1710256311.777353
1710256311.777353
1710256311.876159
1710256311.876159
1710256311.975912
1710256311.975912
1710256312.076461
1710256312.076461
1710256312.175845
1710256312.175845
1710256312.276077
1710256312.276077
1710256312.376038
1710256312.376038
1710256312.475734
1710256312.475734
1710256312.576556
1710256312.576556
1710256312.674128
1710256312.674128
1710256312.773504
1710256312.773504
1710256312.876017
1710256312.876017
1710256312.973735
1710256312.973735
1710256313.072984
1710256313.072984
1710256313.170577
1710256313.170577
1710256313.272312
1710256313.272312
1710256313.372031
1710256313.372031
1710256313.470246
1710256313.470246
1710256313.569711
1710256313.569711
1710256313.670253
1710256313.670253
1710256313.768521
1710256313.768521
1710256313.870838
1710256313.870838
1710256313.967812
1710256313.967812
1710256314.069784
1710256314.069784
1710256314.166858
1710256314.166858
1710256314.268043
1710256314.268043
1710256314.365639
1710256314.365639
1710256314.468137
1710256314.468137
1710256314.568259
1710256314.568259
1710256314.669941
1710256314.669941
1710256314.766405
1710256314.766405
1710256314.866928
1710256314.866928
1710256314.965831
1710256314.965831
1710256315.066730
1710256315.066730
1710256315.165313
1710256315.165313
1710256315.266014
1710256315.266014
1710256315.365423
1710256315.365423
1710256315.465652
1710256315.465652
1710256315.563878
1710256315.563878
1710256315.664655
1710256315.664655
1710256315.765316
1710256315.765316
1710256315.862574
1710256315.862574
1710256315.963371
1710256315.963371
1710256316.062710
1710256316.062710
1710256316.162964
1710256316.162964
1710256316.263218
1710256316.263218
1710256316.361824
1710256316.361824
1710256316.461662
1710256316.461662
1710256316.562249
1710256316.562249
1710256316.660501
1710256316.660501
1710256316.759844
1710256316.759844
1710256316.861824
1710256316.861824
1710256316.959682
1710256316.959682
1710256317.059667
1710256317.059667
